Date,Season,Village,House,Trap,Lat_Convert,Long_Convert(W),Long_Use,Animal_ID,Genus_og,Genus_Cytb,Cytb_species,Sex,Age_wt,Weight_g,Length_mm,Tail_mm,Ear_mm,Right_foot_mm,Lactating,Embryos_num,Embryo_length_mm,F_reproduction,Ag_RDT,RDT_Score
8-Nov-18,Dry,Kptema,29,898,8.27375,11.07435,-11.07435,1,Rattus,Rattus,Rattus rattus,F,Adult,98.4,365,194,22,33,FALSE,NA,NA,FALSE,FALSE,0
8-Nov-18,Dry,Kptema,11,409,8.27375,11.07435,-11.07435,2,Rattus,Rattus,Rattus rattus,F,Juvenile,16.6,196,97,15,22,FALSE,NA,NA,FALSE,FALSE,0
8-Nov-18,Dry,Kptema,6,427,8.27375,11.07435,-11.07435,3,Rattus,Rattus,Rattus rattus,F,Adult,124.3,370,191,21,34,FALSE,NA,NA,FALSE,FALSE,0
8-Nov-18,Dry,Kptema,3,200,8.27375,11.07435,-11.07435,4,Rattus,Rattus,Rattus rattus,F,Sub_adult,37.9,272,199,23,33,FALSE,NA,NA,FALSE,FALSE,0
8-Nov-18,Dry,Kptema,43,1016,8.27375,11.07435,-11.07435,5,Rattus,NA,NA,F,Adult,62.6,310,155,20,30,FALSE,NA,NA,FALSE,FALSE,0
8-Nov-18,Dry,Kptema,11,71,8.27375,11.07435,-11.07435,6,Rattus,Rattus,Rattus rattus,M,Juvenile,16.8,197,93,16,22,NA,NA,NA,NA,FALSE,0
8-Nov-18,Dry,Kptema,8,954,8.27375,11.07435,-11.07435,7,Rattus,Rattus,Rattus rattus,F,Juvenile,10.8,358,185,23,38,FALSE,3,28,TRUE,TRUE,1
8-Nov-18,Dry,Kptema,39,901,8.27375,11.07435,-11.07435,8,Malacomys,Praomys,Praomys rostratus,M,Sub_adult,26.1,233,114,18,22,NA,NA,NA,NA,TRUE,1
8-Nov-18,Dry,Kptema,13,135,8.27375,11.07435,-11.07435,9,Rattus,NA,NA,M,Juvenile,24.8,231,123,16,25,NA,NA,NA,NA,FALSE,0
8-Nov-18,Dry,Kptema,16,606,8.27375,11.07435,-11.07435,10,Rattus,Rattus,Rattus rattus,F,Juvenile,14.2,300,122,22,31,FALSE,3,15,TRUE,FALSE,0
8-Nov-18,Dry,Kptema,13,300,8.27375,11.07435,-11.07435,11,Rattus,Rattus,Rattus rattus,F,Sub_adult,25.1,234,118,18,24,FALSE,NA,NA,FALSE,FALSE,0
8-Nov-18,Dry,Kptema,5,29,8.27375,11.07435,-11.07435,12,Rattus,Rattus,Rattus rattus,F,Sub_adult,29.1,266,138,19,29,FALSE,NA,NA,FALSE,FALSE,0
8-Nov-18,Dry,Kptema,7,927,8.27375,11.07435,-11.07435,13,Rattus,NA,NA,F,Adult,85.8,348,178,23,38,FALSE,NA,NA,FALSE,FALSE,0
8-Nov-18,Dry,Kptema,8,971,8.27375,11.07435,-11.07435,14,Rattus,NA,NA,M,Adult,66.6,325,177,22,34,NA,NA,NA,NA,FALSE,0
8-Nov-18,Dry,Kptema,8,974,8.27375,11.07435,-11.07435,15,Rattus,Rattus,Rattus rattus,M,Adult,98.8,368,193,21,35,NA,NA,NA,NA,FALSE,0
8-Nov-18,Dry,Kptema,9,2,8.27375,11.07435,-11.07435,16,Rattus,Rattus,Rattus rattus,M,Adult,91.2,305,172,21,31,NA,NA,NA,NA,FALSE,0
9-Nov-18,Dry,Kptema,32,932,8.27375,11.07435,-11.07435,17,Mastomys,Mastomys,Mastomys natalensis,F,Sub_adult,28.7,221,98,16,24,FALSE,NA,NA,FALSE,TRUE,4
9-Nov-18,Dry,Kptema,28,802,8.27375,11.07435,-11.07435,18,Mastomys,Mastomys,Mastomys natalensis,M,Adult,51.5,201,114,17,23,NA,NA,NA,NA,TRUE,4
9-Nov-18,Dry,Kptema,31,994,8.27375,11.07435,-11.07435,19,Mastomys,Mastomys,Mastomys natalensis,M,Sub_adult,30.4,215,96,18,24,NA,NA,NA,NA,TRUE,4
9-Nov-18,Dry,Kptema,8,971,8.27375,11.07435,-11.07435,20,Rattus,Mastomys,Mastomys natalensis,F,Adult,100.5,355,184,24,32,FALSE,NA,NA,FALSE,FALSE,0
9-Nov-18,Dry,Kptema,34,904,8.27375,11.07435,-11.07435,21,Rattus,Rattus,Rattus rattus,M,Juvenile,15.6,193,96,16,24,NA,NA,NA,NA,FALSE,0
9-Nov-18,Dry,Kptema,29,898,8.27375,11.07435,-11.07435,22,Rattus,Rattus,Rattus rattus,M,Sub_adult,27.4,235,121,17,25,NA,NA,NA,NA,FALSE,0
9-Nov-18,Dry,Kptema,2,862,8.27375,11.07435,-11.07435,23,Mastomys,Mastomys,Mastomys natalensis,M,Juvenile,21.8,101,126,12,28,NA,NA,NA,NA,TRUE,5
9-Nov-18,Dry,Kptema,34,908,8.27375,11.07435,-11.07435,24,Rattus,Rattus,Rattus rattus,F,Adult,54.3,301,155,21,28,FALSE,NA,NA,FALSE,FALSE,0
9-Nov-18,Dry,Kptema,3,226,8.27375,11.07435,-11.07435,25,Rattus,Rattus,Rattus rattus,M,Juvenile,21.9,238,123,17,24,NA,NA,NA,NA,FALSE,0
9-Nov-18,Dry,Kptema,11,71,8.27375,11.07435,-11.07435,26,Rattus,Rattus,Rattus rattus,F,Juvenile,16.7,205,104,17,23,FALSE,NA,NA,FALSE,FALSE,0
9-Nov-18,Dry,Kptema,15,17,8.27375,11.07435,-11.06648333,27,Mastomys,Mastomys,Mastomys natalensis,M,Adult,53.2,204,98,17,23,NA,NA,NA,NA,FALSE,0
9-Nov-18,Dry,Kptema,43,1019,8.27375,11.07435,-11.08528333,28,Rattus,Rattus,Rattus rattus,M,Adult,48.8,279,143,22,28,NA,NA,NA,NA,FALSE,0
9-Nov-18,Dry,Kptema,22,13,8.27375,11.07435,-11.08528333,29,Rattus,Rattus,Rattus rattus,M,Adult,119.8,310,184,24,34,NA,NA,NA,NA,FALSE,0
10-Nov-18,Dry,Gouma,1,930,8.2869,11.06648333,-11.06648333,30,Mastomys,Mastomys,Mastomys natalensis,M,Adult,78.4,284,123,18,24,NA,NA,NA,NA,FALSE,0
10-Nov-18,Dry,Gouma,15,924,8.2869,11.06648333,-11.06648333,31,Mastomys,NA,NA,F,Adult,55.5,258,114,18,24,FALSE,7,4,TRUE,FALSE,0
10-Nov-18,Dry,Gouma,18,437,8.2869,11.06648333,-11.06648333,32,Praomys,Praomys,Praomys rostratus,F,Adult,42.4,268,134,19,25,FALSE,NA,NA,FALSE,FALSE,0
10-Nov-18,Dry,Gouma,1,899,8.2869,11.06648333,-11.06648333,33,Mastomys,Mastomys,Mastomys natalensis,F,Juvenile,16.7,185,88,15,22,FALSE,NA,NA,FALSE,TRUE,1
10-Nov-18,Dry,Gouma,14,862,8.2869,11.06648333,-11.06648333,34,Rattus,Rattus,Rattus rattus,F,Adult,75.3,304,182,19,24,FALSE,NA,NA,FALSE,FALSE,0
10-Nov-18,Dry,Gouma,3,913,8.2869,11.06648333,-11.06648333,35,Praomys,Praomys,Praomys rostratus,F,Adult,40.3,259,131,19,25,FALSE,NA,NA,FALSE,TRUE,4
10-Nov-18,Dry,Gouma,1,808,8.2869,11.06648333,-11.06648333,36,Mastomys,Mastomys,Mastomys natalensis,M,Juvenile,15.3,169,76,16,21,NA,NA,NA,NA,FALSE,0
11-Nov-18,Dry,Gouma,2,958,8.2869,11.06648333,-11.06648333,37,Rattus,Rattus,Rattus rattus,M,Adult,91.4,305,182,23,33,NA,NA,NA,NA,FALSE,0
11-Nov-18,Dry,Gouma,12,915,8.2869,11.06648333,-11.06648333,38,Praomys,Praomys,Praomys rostratus,F,Adult,47.7,253,145,17,22,FALSE,NA,NA,FALSE,FALSE,0
11-Nov-18,Dry,Gouma,9,870,8.2869,11.06648333,-11.06648333,39,Praomys,Praomys,Praomys rostratus,F,Adult,43.2,279,141,22,23,FALSE,NA,NA,FALSE,FALSE,0
11-Nov-18,Dry,Gouma,15,440,8.2869,11.06648333,-11.06648333,40,Rattus,Rattus,Rattus rattus,F,Sub_adult,33.4,274,141,18,31,FALSE,NA,NA,FALSE,FALSE,0
11-Nov-18,Dry,Gouma,1,930,8.2869,11.06648333,-11.06648333,41,Rattus,Rattus,Rattus rattus,F,Sub_adult,32.7,173,118,16,7,FALSE,NA,NA,FALSE,NA,NA
11-Nov-18,Dry,Gouma,15,1019,8.2869,11.06648333,-11.06648333,42,Mastomys,Mastomys,Mastomys natalensis,M,Juvenile,16.6,171,76,13,22,NA,NA,NA,NA,FALSE,0
11-Nov-18,Dry,Gouma,1,883,8.2869,11.06648333,-11.06648333,43,Mastomys,Mastomys,Mastomys natalensis,F,Adult,42.1,263,114,18,24,FALSE,NA,NA,FALSE,FALSE,0
14-Nov-18,Dry,Ngeihun,24,967,8.1748,11.08528333,-11.08528333,44,Mastomys,Mastomys,Mastomys natalensis,M,Adult,47.5,248,114,17,24,NA,NA,NA,NA,FALSE,0
14-Nov-18,Dry,Ngeihun,6,1006,8.1748,11.08528333,-11.08528333,45,Mastomys,Mastomys,Mastomys natalensis,F,Adult,67.2,258,114,18,25,TRUE,NA,NA,FALSE,FALSE,0
14-Nov-18,Dry,Ngeihun,19,328,8.1748,11.08528333,-11.08528333,46,Hylomyscus,Hylomyscus,Hylomyscus simus,F,Juvenile,22.7,238,133,14,20,FALSE,NA,NA,FALSE,FALSE,0
14-Nov-18,Dry,Ngeihun,24,836,8.1748,11.08528333,-11.08528333,47,Mastomys,NA,NA,F,Adult,44.5,265,118,18,24,FALSE,NA,NA,FALSE,FALSE,0
14-Nov-18,Dry,Ngeihun,23,906,8.1748,11.08528333,-11.08528333,48,Rattus,Rattus,Rattus rattus,M,Adult,67.8,301,31,19,31,NA,NA,NA,NA,FALSE,0
14-Nov-18,Dry,Ngeihun,25,989,8.1748,11.08528333,-11.08528333,49,Mastomys,Mastomys,Mastomys natalensis,F,Adult,51.3,246,114,18,24,FALSE,NA,NA,FALSE,FALSE,0
14-Nov-18,Dry,Ngeihun,23,829,8.1748,11.08528333,-11.08528333,50,Hylomyscus,Hylomyscus,Hylomyscus simus,F,Juvenile,17.3,247,119,14,19,FALSE,3,5,TRUE,FALSE,0
15-Nov-18,Dry,Ngeihun,43,503,8.1748,11.08528333,-11.08528333,51,Mastomys,NA,NA,M,Adult,76.7,278,126,18,24,NA,NA,NA,NA,TRUE,2
15-Nov-18,Dry,Ngeihun,23,813,8.1748,11.08528333,-11.08528333,52,Praomys,Praomys,Praomys rostratus,M,Sub_adult,29.6,254,135,17,25,NA,NA,NA,NA,FALSE,0
15-Nov-18,Dry,Ngeihun,43,19,8.1748,11.08528333,-11.08528333,53,Mastomys,Mastomys,Mastomys natalensis,F,Sub_adult,38.5,233,108,18,24,FALSE,NA,NA,FALSE,FALSE,0
15-Nov-18,Dry,Ngeihun,25,154,8.1748,11.08528333,-11.08528333,54,Mastomys,NA,NA,M,Sub_adult,28.3,231,112,17,24,NA,NA,NA,NA,FALSE,0
15-Nov-18,Dry,Ngeihun,24,838,8.1748,11.08528333,-11.08528333,55,Mastomys,Mastomys,Mastomys natalensis,F,Adult,41.5,255,114,18,24,FALSE,NA,NA,FALSE,TRUE,4
15-Nov-18,Dry,Ngeihun,8,194,8.1748,11.08528333,-11.08528333,56,Rattus,Rattus,Rattus rattus,F,Adult,81.3,303,176,21,32,FALSE,5,4,TRUE,FALSE,0
15-Nov-18,Dry,Ngeihun,32,501,8.1748,11.08528333,-11.08528333,57,Mastomys,Mastomys,Mastomys natalensis,M,Adult,59.1,268,119,18,24,NA,NA,NA,NA,TRUE,3
15-Nov-18,Dry,Ngeihun,32,405,8.1748,11.08528333,-11.08528333,58,Mastomys,Mastomys,Mastomys natalensis,F,Sub_adult,28.2,217,101,17,24,FALSE,NA,NA,FALSE,TRUE,2
15-Nov-18,Dry,Ngeihun,32,3,8.1748,11.08528333,-11.08528333,59,Rattus,Rattus,Rattus rattus,F,Adult,42.5,287,147,18,33,FALSE,NA,NA,FALSE,FALSE,0
15-Nov-18,Dry,Ngeihun,13,898,8.1748,11.08528333,-11.08528333,60,Rattus,Rattus,Rattus rattus,F,Adult,82.9,306,189,22,35,FALSE,6,10,TRUE,FALSE,0
16-Nov-18,Dry,Ngeihun,32,875,8.1748,11.08528333,-11.08528333,61,Hylomyscus,Hylomyscus,Hylomyscus simus,F,Juvenile,18.4,203,111,13,17,FALSE,NA,NA,FALSE,FALSE,0
16-Nov-18,Dry,Ngeihun,35,1,8.1748,11.08528333,-11.08528333,62,Rattus,Rattus,Rattus rattus,F,Sub_adult,31.5,263,152,21,31,FALSE,NA,NA,FALSE,FALSE,0
16-Nov-18,Dry,Ngeihun,32,948,8.1748,11.08528333,-11.08528333,63,Mastomys,Mastomys,Mastomys natalensis,M,Adult,50.7,243,109,17,24,NA,NA,NA,NA,TRUE,5
16-Nov-18,Dry,Ngeihun,32,3,8.1748,11.08528333,-11.08528333,64,Rattus,Rattus,Rattus rattus,M,Adult,148.6,308,200,22,34,NA,NA,NA,NA,FALSE,0
17-Nov-18,Dry,Ngeihun,36,885,8.1748,11.08528333,-11.08528333,65,Mastomys,Mastomys,Mastomys natalensis,F,Sub_adult,32.6,235,111,16,24,FALSE,NA,NA,FALSE,TRUE,3
29-Nov-18,Dry,Pandembu,6,616,8.21426667,11.06596667,-11.06596667,66,Mastomys,Mastomys,Mastomys natalensis,F,Adult,49.8,256,113,17,24,FALSE,6,9,TRUE,FALSE,0
29-Nov-18,Dry,Pandembu,6,842,8.21426667,11.06596667,-11.06596667,67,Mastomys,Mastomys,Mastomys natalensis,M,Juvenile,14.5,114,80,16,25,NA,NA,NA,NA,FALSE,0
29-Nov-18,Dry,Pandembu,6,195,8.21426667,11.06596667,-11.06596667,68,Mastomys,Mastomys,Mastomys natalensis,F,Adult,83.9,289,125,18,27,TRUE,4,12,TRUE,FALSE,0
29-Nov-18,Dry,Pandembu,6,1006,8.21426667,11.06596667,-11.06596667,69,Rattus,Rattus,Rattus rattus,M,Adult,100.7,304,174,21,31,NA,NA,NA,NA,FALSE,0
29-Nov-18,Dry,Pandembu,6,842,8.21426667,11.06596667,-11.06596667,70,Mastomys,Mastomys,Mastomys natalensis,F,Juvenile,14.9,175,82,14,23,FALSE,NA,NA,FALSE,FALSE,0
29-Nov-18,Dry,Pandembu,1,840,8.21426667,11.06596667,-11.06596667,71,Rattus,Rattus,Rattus rattus,F,Sub_adult,35.9,264,133,18,29,FALSE,NA,NA,FALSE,FALSE,0
29-Nov-18,Dry,Pandembu,14,926,8.21426667,11.06596667,-11.06596667,72,Rattus,Rattus,Rattus rattus,F,Adult,94.6,305,183,22,34,FALSE,NA,NA,FALSE,FALSE,0
29-Nov-18,Dry,Pandembu,14,419,8.21426667,11.06596667,-11.06596667,73,Rattus,Rattus,Rattus rattus,F,Sub_adult,38.6,258,131,18,28,FALSE,NA,NA,FALSE,FALSE,0
29-Nov-18,Dry,Pandembu,6,409,8.21426667,11.06596667,-11.06596667,74,Mastomys,Mastomys,Mastomys natalensis,F,Juvenile,22.3,184,81,15,21,FALSE,NA,NA,FALSE,FALSE,0
30-Nov-18,Dry,Pandembu,6,912,8.21426667,11.06596667,-11.06596667,75,Mastomys,Mastomys,Mastomys natalensis,F,Adult,47.8,264,123,17,24,FALSE,NA,NA,FALSE,FALSE,0
30-Nov-18,Dry,Pandembu,36,826,8.21426667,11.06596667,-11.06596667,76,Rattus,Rattus,Rattus rattus,M,Sub_adult,28.1,277,148,19,32,NA,NA,NA,NA,FALSE,0
30-Nov-18,Dry,Pandembu,May-36,5,8.21426667,11.06596667,-11.06596667,77,Rattus,Rattus,Rattus rattus,M,Sub_adult,30.1,283,151,21,33,NA,NA,NA,NA,FALSE,0
30-Nov-18,Dry,Pandembu,17,20,8.21426667,11.06596667,-11.06596667,78,Rattus,Rattus,Rattus rattus,M,Adult,50,305,158,22,34,NA,NA,NA,NA,FALSE,0
30-Nov-18,Dry,Pandembu,6,405,8.21426667,11.06596667,-11.06596667,79,Mastomys,Mastomys,Mastomys natalensis,M,Adult,60,274,121,18,25,NA,NA,NA,NA,FALSE,0
30-Nov-18,Dry,Pandembu,29,308,8.21426667,11.06596667,-11.06596667,80,Crocidura,Crocidura,Crocidura olivieri,F,Juvenile,25,189,64,7,16,FALSE,4,3,TRUE,FALSE,0
30-Nov-18,Dry,Pandembu,18/36,252,8.21426667,11.06596667,-11.06596667,81,Rattus,Rattus,Rattus rattus,F,Adult,55,284,148,22,31,FALSE,NA,NA,FALSE,FALSE,0
1-Dec-18,Dry,Pandembu,5,930,8.21426667,11.06596667,-11.06596667,82,Mastomys,Mastomys,Mastomys natalensis,M,Adult,54,258,114,18,24,NA,NA,NA,NA,FALSE,0
1-Dec-18,Dry,Pandembu,1,814,8.21426667,11.06596667,-11.06596667,83,Hylomyscus,Hylomyscus,Hylomyscus simus,M,Sub_adult,27,195,104,13,19,NA,NA,NA,NA,FALSE,0
1-Dec-18,Dry,Pandembu,17,946,8.21426667,11.06596667,-11.06596667,84,Rattus,Rattus,Rattus rattus,M,Sub_adult,30,222,109,18,27,NA,NA,NA,NA,FALSE,0
1-Dec-18,Dry,Pandembu,1,856,8.21426667,11.06596667,-11.06596667,85,Rattus,Rattus,Rattus rattus,F,Adult,80,306,194,25,34,FALSE,NA,NA,FALSE,FALSE,0
1-Dec-18,Dry,Pandembu,2,605,8.21426667,11.06596667,-11.06596667,86,Rattus,Rattus,Rattus rattus,F,Adult,48,298,143,23,31,FALSE,NA,NA,FALSE,FALSE,0
1-Dec-18,Dry,Pandembu,18,72,8.21426667,11.06596667,-11.06596667,87,Rattus,Rattus,Rattus rattus,M,Juvenile,22,253,128,21,31,NA,NA,NA,NA,FALSE,0
1-Dec-18,Dry,Pandembu,16,517,8.21426667,11.06596667,-11.06596667,88,Rattus,Rattus,Rattus rattus,M,Juvenile,20,233,124,18,28,NA,NA,NA,NA,FALSE,0
1-Dec-18,Dry,Pandembu,16,869,8.21426667,11.06596667,-11.06596667,89,Rattus,Rattus,Rattus rattus,F,Sub_adult,30,304,161,23,34,FALSE,NA,NA,FALSE,FALSE,0
1-Dec-18,Dry,Pandembu,1,80,8.21426667,11.06596667,-11.06596667,90,Rattus,Rattus,Rattus rattus,M,Sub_adult,40,301,148,21,31,NA,NA,NA,NA,FALSE,0
1-Dec-18,Dry,Pandembu,24,413,8.21426667,11.06596667,-11.06596667,91,Rattus,Rattus,Rattus rattus,M,Sub_adult,30,266,135,19,28,NA,NA,NA,NA,FALSE,0
1-Dec-18,Dry,Pandembu,17,999,8.21426667,11.06596667,-11.06596667,92,Rattus,Rattus,Rattus rattus,M,Juvenile,16,218,108,19,25,NA,NA,NA,NA,FALSE,0
1-Dec-18,Dry,Pandembu,18,864,8.21426667,11.06596667,-11.06596667,93,Rattus,Rattus,Rattus rattus,F,Sub_adult,28,255,128,19,28,FALSE,NA,NA,FALSE,FALSE,0
1-Dec-18,Dry,Pandembu,17,977,8.21426667,11.06596667,-11.06596667,94,Rattus,Rattus,Rattus rattus,F,Juvenile,15,223,98,18,25,FALSE,NA,NA,FALSE,FALSE,0
1-Dec-18,Dry,Pandembu,17,882,8.21426667,11.06596667,-11.06596667,95,Rattus,Rattus,Rattus rattus,F,Adult,50,305,168,23,32,FALSE,NA,NA,FALSE,FALSE,0
1-Dec-18,Dry,Pandembu,24,989,8.21426667,11.06596667,-11.06596667,96,Rattus,Rattus,Rattus rattus,F,Juvenile,25,259,124,21,29,FALSE,NA,NA,FALSE,FALSE,0
2-Dec-18,Dry,Pandembu,6,852,8.21426667,11.06596667,-11.06596667,97,Rattus,Rattus,Rattus rattus,F,Adult,45,289,145,21,31,FALSE,NA,NA,FALSE,FALSE,0
2-Dec-18,Dry,Pandembu,1,839,8.21426667,11.06596667,-11.06596667,98,Rattus,Rattus,Rattus rattus,F,Adult,75,303,170,23,30,FALSE,4,34,TRUE,FALSE,0
2-Dec-18,Dry,Pandembu,1,830,8.21426667,11.06596667,-11.06596667,99,Dormouse,Graphiurus,Graphiurus kelleni,F,Juvenile,18,160,165,9,15,FALSE,NA,NA,FALSE,FALSE,0
2-Dec-18,Dry,Pandembu,7,1008,8.21426667,11.06596667,-11.06596667,100,Mastomys,Mastomys,Mastomys natalensis,M,Adult,70,292,139,18,24,NA,NA,NA,NA,FALSE,0
2-Dec-18,Dry,Pandembu,25,983,8.21426667,11.06596667,-11.06596667,101,Mastomys,Mastomys,Mastomys natalensis,M,Adult,65,273,120,17,24,NA,NA,NA,NA,TRUE,3
2-Dec-18,Dry,Pandembu,24,993,8.21426667,11.06596667,-11.06596667,102,Rattus,Rattus,Rattus rattus,F,Juvenile,23,244,125,18,29,FALSE,NA,NA,FALSE,FALSE,0
5-Dec-18,Dry,Kormolu,26,25,7.99523333,11.08348333,-11.08348333,103,Mastomys,Mastomys,Mastomys natalensis,M,Juvenile,17,171,75,15,23,NA,NA,NA,NA,FALSE,0
5-Dec-18,Dry,Kormolu,27,15,7.99523333,11.08348333,-11.08348333,104,Mastomys,Mastomys,Mastomys natalensis,F,Sub_adult,40,168,124,18,24,FALSE,NA,NA,FALSE,FALSE,0
5-Dec-18,Dry,Kormolu,32,706,7.99523333,11.08348333,-11.08348333,105,Mastomys,Mastomys,Mastomys natalensis,F,Sub_adult,35,239,99,17,24,TRUE,NA,NA,FALSE,FALSE,0
5-Dec-18,Dry,Kormolu,6,918,7.99523333,11.08348333,-11.08348333,106,Mastomys,Mastomys,Mastomys natalensis,M,Adult,75,289,129,19,26,NA,NA,NA,NA,FALSE,0
5-Dec-18,Dry,Kormolu,26,880,7.99523333,11.08348333,-11.08348333,107,Mastomys,Mastomys,Mastomys natalensis,M,Juvenile,20,179,81,15,23,NA,NA,NA,NA,TRUE,4
5-Dec-18,Dry,Kormolu,19,990,7.99523333,11.08348333,-11.08348333,108,Rattus,Rattus,Rattus rattus,F,Adult,105.5,309,214,28,36,FALSE,7,3,TRUE,FALSE,0
5-Dec-18,Dry,Kormolu,1,954,7.99523333,11.08348333,-11.08348333,109,Mastomys,Mastomys,Mastomys natalensis,F,Sub_adult,39,258,114,16,24,FALSE,NA,NA,FALSE,FALSE,0
5-Dec-18,Dry,Kormolu,14,194,7.99523333,11.08348333,-11.08348333,110,Mastomys,Mastomys,Mastomys natalensis,M,Sub_adult,28,252,113,17,25,NA,NA,NA,NA,FALSE,0
5-Dec-18,Dry,Kormolu,12,853,7.99523333,11.08348333,-11.08348333,111,Rattus,Rattus,Rattus rattus,F,Sub_adult,40,308,173,24,34,FALSE,6,5,TRUE,FALSE,0
5-Dec-18,Dry,Kormolu,8,817,7.99523333,11.08348333,-11.08348333,112,Mastomys,Mastomys,Mastomys natalensis,F,Sub_adult,39,258,106,18,24,FALSE,NA,NA,FALSE,TRUE,3
5-Dec-18,Dry,Kormolu,2,947,7.99523333,11.08348333,-11.08348333,113,Mastomys,Mastomys,Mastomys natalensis,F,Sub_adult,40,447,NA,16,24,TRUE,NA,NA,FALSE,TRUE,4
5-Dec-18,Dry,Kormolu,32,935,7.99523333,11.08348333,-11.08348333,114,Mastomys,Mastomys,Mastomys natalensis,F,Sub_adult,30,224,97,18,24,FALSE,NA,NA,FALSE,FALSE,0
5-Dec-18,Dry,Kormolu,33,926,7.99523333,11.08348333,-11.08348333,115,Praomys,NA,NA,M,Juvenile,18,198,100,18,23,NA,NA,NA,NA,FALSE,0
6-Dec-18,Dry,Kormolu,36,804,7.99523333,11.08348333,-11.08348333,116,Mastomys,NA,NA,F,Sub_adult,28,222,96,18,24,FALSE,6,9,TRUE,FALSE,0
6-Dec-18,Dry,Kormolu,30,411,7.99523333,11.08348333,-11.08348333,117,Mastomys,Mastomys,Mastomys natalensis,F,Juvenile,12,151,69,14,20,FALSE,NA,NA,FALSE,TRUE,1
6-Dec-18,Dry,Kormolu,26,838,7.99523333,11.08348333,-11.08348333,118,Mastomys,Mastomys,Mastomys natalensis,M,Adult,60,274,123,18,24,NA,NA,NA,NA,FALSE,0
6-Dec-18,Dry,Kormolu,34,938,7.99523333,11.08348333,-11.08348333,119,Rattus,Rattus,Rattus rattus,M,Sub_adult,30,289,143,20,32,NA,NA,NA,NA,FALSE,0
6-Dec-18,Dry,Kormolu,26,705,7.99523333,11.08348333,-11.08348333,120,Mastomys,Mastomys,Mastomys natalensis,M,Juvenile,18,183,84,14,23,NA,NA,NA,NA,FALSE,0
6-Dec-18,Dry,Kormolu,26,875,7.99523333,11.08348333,-11.08348333,121,Mastomys,Mastomys,Mastomys natalensis,F,Juvenile,13.6,155,73,14,19,FALSE,NA,NA,FALSE,TRUE,4
6-Dec-18,Dry,Kormolu,19,702,7.99523333,11.08348333,-11.08348333,122,Rattus,Rattus,Rattus rattus,M,Juvenile,25,233,120,18,25,NA,NA,NA,NA,FALSE,0
6-Dec-18,Dry,Kormolu,46,975,7.99523333,11.08348333,-11.08348333,123,Mastomys,Mastomys,Mastomys natalensis,M,Juvenile,22,204,100,18,23,NA,NA,NA,NA,TRUE,5
6-Dec-18,Dry,Kormolu,26,14,7.99523333,11.08348333,-11.08348333,124,Mastomys,Mastomys,Mastomys natalensis,M,Juvenile,15,158,73,18,19,NA,NA,NA,NA,FALSE,0
6-Dec-18,Dry,Kormolu,24,304,7.99523333,11.08348333,-11.08348333,125,Praomys,Praomys,Praomys rostratus,F,Adult,75,294,128,20,23,FALSE,5,24,TRUE,FALSE,0
6-Dec-18,Dry,Kormolu,40,818,7.99523333,11.08348333,-11.08348333,126,Rattus,Rattus,Rattus rattus,F,Sub_adult,27,285,148,20,29,FALSE,NA,NA,FALSE,FALSE,0
6-Dec-18,Dry,Kormolu,36,226,7.99523333,11.08348333,-11.08348333,127,Mastomys,Mastomys,Mastomys natalensis,M,Adult,80,283,122,18,24,NA,NA,NA,NA,FALSE,0
6-Dec-18,Dry,Kormolu,14,839,7.99523333,11.08348333,-11.08348333,128,Mastomys,Mastomys,Mastomys natalensis,F,Adult,75,284,129,18,25,FALSE,NA,NA,FALSE,TRUE,4
6-Dec-18,Dry,Kormolu,19,925,7.99523333,11.08348333,-11.08348333,129,Rattus,Rattus,Rattus rattus,M,Sub_adult,26,238,124,19,28,NA,NA,NA,NA,FALSE,0
7-Dec-18,Dry,Nyahahun,10,193,7.98911667,11.10415,-11.08485,130,Rattus,Rattus,Rattus rattus,M,Adult,105,307,190,23,35,NA,NA,NA,NA,FALSE,0
7-Dec-18,Dry,Nyahahun,28,481,7.98911667,11.10415,-11.08485,131,Mastomys,Mastomys,Mastomys natalensis,F,Sub_adult,40,205,111,18,24,TRUE,NA,NA,FALSE,FALSE,0
7-Dec-18,Dry,Nyahahun,14,839,7.98911667,11.10415,-11.08485,132,Rattus,Praomys,Praomys rostratus,F,Adult,45,303,178,24,33,FALSE,3,19,TRUE,FALSE,0
7-Dec-18,Dry,Nyahahun,29,3,7.98911667,11.10415,-11.08485,133,Praomys,Praomys,Praomys rostratus,F,Sub_adult,28,260,124,19,23,FALSE,NA,NA,FALSE,TRUE,2
7-Dec-18,Dry,Nyahahun,35,806,7.98911667,11.10415,-11.08485,134,Mastomys,Mastomys,Mastomys natalensis,F,Sub_adult,30,236,103,18,24,FALSE,NA,NA,FALSE,TRUE,5
7-Dec-18,Dry,Nyahahun,32,310,7.98911667,11.10415,-11.08485,135,Mastomys,Mastomys,Mastomys natalensis,M,Juvenile,24.2,224,101,17,24,NA,NA,NA,NA,FALSE,0
7-Dec-18,Dry,Nyahahun,45,7,7.98911667,11.10415,-11.08485,136,Praomys,Praomys,Praomys rostratus,F,Juvenile,7,269,142,19,25,FALSE,NA,NA,FALSE,FALSE,0
8-Dec-18,Dry,Nyahahun,19,986,7.98911667,11.10415,-11.08485,137,Rattus,Rattus,Rattus rattus,M,Juvenile,22,256,128,18,27,NA,NA,NA,NA,FALSE,0
8-Dec-18,Dry,Nyahahun,19,809,7.98911667,11.10415,-11.08485,138,Rattus,Rattus,Rattus rattus,F,Juvenile,25,220,124,18,24,FALSE,NA,NA,FALSE,FALSE,0
8-Dec-18,Dry,Nyahahun,28,4,7.98911667,11.10415,-11.08485,139,Rattus,Rattus,Rattus rattus,F,Adult,75,331,203,23,32,FALSE,NA,NA,FALSE,FALSE,0
8-Dec-18,Dry,Nyahahun,7,911,7.98911667,11.10415,-11.08485,140,Mastomys,Mastomys,Mastomys natalensis,M,Sub_adult,30,216,93,17,24,NA,NA,NA,NA,FALSE,0
8-Dec-18,Dry,Nyahahun,2,983,7.98911667,11.10415,-11.08485,141,Mastomys,Mastomys,Mastomys natalensis,M,Adult,80,300,126,18,25,NA,NA,NA,NA,FALSE,0
8-Dec-18,Dry,Nyahahun,19,878,7.98911667,11.10415,-11.08485,142,Rattus,Rattus,Rattus rattus,M,Juvenile,18,235,120,19,26,NA,NA,NA,NA,FALSE,0
8-Dec-18,Dry,Nyahahun,10,107,7.98911667,11.10415,-11.08485,143,Rattus,Rattus,Rattus rattus,F,Juvenile,17,207,105,15,28,FALSE,NA,NA,FALSE,FALSE,0
8-Dec-18,Dry,Nyahahun,14,178,7.98911667,11.10415,-11.08485,144,Rattus,Rattus,Rattus rattus,M,Adult,90,354,81,24,22,NA,NA,NA,NA,FALSE,0
12-Dec-18,Dry,Kpalu I,27,984,7.90761667,11.08485,-11.08485,145,Mastomys,Mastomys,Mastomys natalensis,M,Juvenile,12,153,75,12,20,NA,NA,NA,NA,FALSE,0
12-Dec-18,Dry,Kpalu I,20,841,7.90761667,11.08485,-11.08485,146,Rattus,Rattus,Rattus rattus,M,Juvenile,25,286,145,22,30,NA,NA,NA,NA,FALSE,0
12-Dec-18,Dry,Kpalu I,27,889,7.90761667,11.08485,-11.08485,147,Mastomys,Mastomys,Mastomys natalensis,M,Sub_adult,40,248,115,18,24,NA,NA,NA,NA,FALSE,0
12-Dec-18,Dry,Kpalu I,44,810,7.90761667,11.08485,-11.08485,148,Mastomys,Mastomys,Mastomys natalensis,M,Sub_adult,38,234,113,17,24,NA,NA,NA,NA,TRUE,3
12-Dec-18,Dry,Kpalu I,3,975,7.90761667,11.08485,-11.08485,149,Mastomys,Mastomys,Mastomys natalensis,M,Juvenile,15,146,68,12,18,NA,NA,NA,NA,FALSE,0
12-Dec-18,Dry,Kpalu I,3,975,7.90761667,11.08485,-11.08485,150,Mastomys,NA,NA,F,Juvenile,15,144,64,8,18,FALSE,NA,NA,FALSE,TRUE,1
12-Dec-18,Dry,Kpalu I,7,7,7.90761667,11.08485,-11.08485,151,Mastomys,Mastomys,Mastomys natalensis,F,Sub_adult,40,254,117,18,24,FALSE,12,4,TRUE,FALSE,0
12-Dec-18,Dry,Kpalu I,45,896,7.90761667,11.08485,-11.08485,152,Mastomys,Mastomys,Mastomys natalensis,M,Juvenile,16,151,72,17,19,NA,NA,NA,NA,FALSE,0
12-Dec-18,Dry,Kpalu I,38,329,7.90761667,11.08485,-11.08485,153,Mastomys,Mastomys,Mastomys natalensis,F,Adult,70,258,115,19,26,FALSE,8,14,TRUE,FALSE,0
12-Dec-18,Dry,Kpalu I,38,329,7.90761667,11.08485,-11.08485,154,Mastomys,Mastomys,Mastomys natalensis,M,Sub_adult,27,214,98,18,23,NA,NA,NA,NA,FALSE,0
12-Dec-18,Dry,Kpalu I,31,897,7.90761667,11.08485,-11.08485,155,Praomys,Praomys,Praomys rostratus,F,Sub_adult,40,245,123,19,25,FALSE,NA,NA,FALSE,FALSE,0
12-Dec-18,Dry,Kpalu I,38,702,7.90761667,11.08485,-11.08485,156,Mastomys,Mastomys,Mastomys natalensis,M,Juvenile,10,142,62,15,24,NA,NA,NA,NA,TRUE,1
12-Dec-18,Dry,Kpalu I,49,403,7.90761667,11.08485,-11.08485,157,Mastomys,NA,NA,F,Sub_adult,32,248,115,17,24,FALSE,10,0.5,TRUE,FALSE,0
12-Dec-18,Dry,Kpalu I,35,808,7.90761667,11.08485,-11.08485,158,Mastomys,Mastomys,Mastomys natalensis,M,Sub_adult,30,218,99,17,24,NA,NA,NA,NA,TRUE,2
12-Dec-18,Dry,Kpalu I,47,704,7.90761667,11.08485,-11.08485,159,Mastomys,Mastomys,Mastomys natalensis,F,Adult,64,364,124,19,26,TRUE,NA,NA,FALSE,FALSE,0
12-Dec-18,Dry,Kpalu I,45,80,7.90761667,11.08485,-11.08485,160,Mastomys,NA,NA,M,Adult,80,269,118,18,24,NA,NA,NA,NA,FALSE,0
12-Dec-18,Dry,Kpalu I,32,869,7.90761667,11.08485,-11.08485,161,Mastomys,NA,NA,M,Adult,60,269,116,18,24,NA,NA,NA,NA,FALSE,0
12-Dec-18,Dry,Kpalu I,13,152,7.90761667,11.08485,-11.08485,162,Mastomys,NA,NA,F,Adult,55,237,94,18,24,FALSE,NA,NA,FALSE,FALSE,0
12-Dec-18,Dry,Kpalu I,27,506,7.90761667,11.08485,-11.08485,163,Praomys,NA,NA,F,Adult,56,269,143,19,26,FALSE,NA,NA,FALSE,FALSE,0
12-Dec-18,Dry,Kpalu I,41,165,7.90761667,11.08485,-11.08485,164,Praomys,NA,NA,F,Sub_adult,40,263,136,20,26,FALSE,4,5,TRUE,FALSE,0
13-Dec-18,Dry,Kpalu I,44,949,7.90761667,11.08485,-11.08485,165,Mastomys,Mastomys,Mastomys natalensis,F,Adult,75,272,121,18,24,FALSE,NA,NA,FALSE,FALSE,0
13-Dec-18,Dry,Kpalu I,32,888,7.90761667,11.08485,-11.08485,166,Mastomys,Mastomys,Mastomys natalensis,F,Juvenile,17,189,87,15,22,FALSE,NA,NA,FALSE,TRUE,3
13-Dec-18,Dry,Kpalu I,41,886,7.90761667,11.08485,-11.08485,167,Praomys,NA,NA,F,Sub_adult,27,243,128,19,26,FALSE,NA,NA,FALSE,FALSE,0
13-Dec-18,Dry,Kpalu I,32,427,7.90761667,11.08485,-11.08485,168,Mastomys,Mastomys,Mastomys natalensis,F,Sub_adult,40,245,111,18,24,FALSE,NA,NA,FALSE,FALSE,0
13-Dec-18,Dry,Kpalu I,44,834,7.90761667,11.08485,-11.08485,169,Mastomys,Mastomys,Mastomys natalensis,F,Juvenile,17,158,75,15,22,FALSE,NA,NA,FALSE,FALSE,0
13-Dec-18,Dry,Kpalu I,21,946,7.90761667,11.08485,-11.08485,170,Mastomys,Mastomys,Mastomys natalensis,M,Adult,60,258,116,18,24,NA,NA,NA,NA,FALSE,0
13-Dec-18,Dry,Kpalu I,42,919,7.90761667,11.08485,-11.08485,171,Mastomys,Mastomys,Mastomys natalensis,M,Adult,48,263,125,18,25,NA,NA,NA,NA,FALSE,0
13-Dec-18,Dry,Kpalu I,3,938,7.90761667,11.08485,-11.08485,172,Mastomys,Mastomys,Mastomys natalensis,F,Adult,45,241,108,17,24,FALSE,4,3,TRUE,FALSE,0
13-Dec-18,Dry,Kpalu I,36,985,7.90761667,11.08485,-11.08485,173,Mastomys,Mastomys,Mastomys natalensis,F,Adult,70,269,121,18,24,FALSE,NA,NA,FALSE,FALSE,0
13-Dec-18,Dry,Kpalu I,35,991,7.90761667,11.08485,-11.08485,174,Mastomys,Mastomys,Mastomys natalensis,M,Juvenile,25,206,99,16,23,NA,NA,NA,NA,FALSE,0
13-Dec-18,Dry,Kpalu I,32,865,7.90761667,11.08485,-11.08485,175,Mastomys,Mastomys,Mastomys natalensis,F,Sub_adult,40,248,117,18,24,FALSE,NA,NA,FALSE,TRUE,4
13-Dec-18,Dry,Kpalu I,43,944,7.90761667,11.08485,-11.08485,176,Mastomys,Mastomys,Mastomys natalensis,F,Adult,43,244,112,17,24,FALSE,NA,NA,FALSE,FALSE,0
13-Dec-18,Dry,Kpalu I,31,959,7.90761667,11.08485,-11.08485,177,Mastomys,NA,NA,F,Sub_adult,28,205,96,15,23,FALSE,NA,NA,FALSE,FALSE,0
13-Dec-18,Dry,Kpalu I,31,469,7.90761667,11.08485,-11.08485,178,Mastomys,Mastomys,Mastomys natalensis,F,Juvenile,21,177,84,15,23,FALSE,NA,NA,FALSE,FALSE,0
13-Dec-18,Dry,Kpalu I,2,44,7.90761667,11.08485,-11.08485,179,Mastomys,Mastomys,Mastomys natalensis,M,Adult,46,284,113,18,24,NA,NA,NA,NA,TRUE,2
13-Dec-18,Dry,Kpalu I,29,884,7.90761667,11.08485,-11.08485,180,Mastomys,Mastomys,Rattus rattus,M,Sub_adult,27,248,125,23,29,NA,NA,NA,NA,FALSE,0
13-Dec-18,Dry,Kpalu I,30,916,7.90761667,11.08485,-11.08485,181,Mastomys,Mastomys,Mastomys natalensis,F,Adult,67,285,126,18,24,FALSE,NA,NA,FALSE,FALSE,0
13-Dec-18,Dry,Kpalu I,29,924,7.90761667,11.08485,-11.08485,182,Rattus,Rattus,Rattus rattus,M,Sub_adult,32,259,130,18,29,NA,NA,NA,NA,FALSE,0
13-Dec-18,Dry,Kpalu I,36,952,7.90761667,11.08485,-11.08485,183,Rattus,Rattus,Rattus rattus,M,Sub_adult,27,263,138,19,29,NA,NA,NA,NA,FALSE,0
13-Dec-18,Dry,Kpalu I,30,1018,7.90761667,11.08485,-11.08485,184,Mastomys,Mastomys,Mastomys natalensis,M,Adult,75,279,128,18,25,NA,NA,NA,NA,FALSE,0
13-Dec-18,Dry,Kpalu I,38,850,7.90761667,11.08485,-11.08485,185,Mastomys,Mastomys,Mastomys natalensis,M,Sub_adult,29,219,105,17,24,NA,NA,NA,NA,TRUE,1
13-Dec-18,Dry,Kpalu I,29,157,7.90761667,11.08485,-11.08485,186,Rattus,Rattus,Rattus rattus,M,Adult,45,300,175,20,30,NA,NA,NA,NA,FALSE,0
14-Dec-18,Dry,Kpalu I,30,328,7.90761667,11.08485,-11.08485,187,Mastomys,Mastomys,Mastomys natalensis,F,Sub_adult,28,252,118,18,24,FALSE,NA,NA,FALSE,FALSE,0
14-Dec-18,Dry,Kpalu I,46,4,7.90761667,11.08485,-11.08485,188,Mastomys,Mastomys,Mastomys natalensis,F,Sub_adult,40,265,124,18,24,FALSE,NA,NA,FALSE,FALSE,0
14-Dec-18,Dry,Kpalu I,7,854,7.90761667,11.08485,-11.08485,189,Mastomys,Mastomys,Mastomys natalensis,F,Adult,50,268,125,18,24,FALSE,NA,NA,FALSE,FALSE,0
14-Dec-18,Dry,Kpalu I,7,923,7.90761667,11.08485,-11.08485,190,Mastomys,Mastomys,Mastomys natalensis,M,Adult,55,269,126,18,24,NA,NA,NA,NA,FALSE,0
14-Dec-18,Dry,Kpalu I,36,965,7.90761667,11.08485,-11.08485,191,Rattus,Rattus,Rattus rattus,M,Sub_adult,35,284,150,23,29,NA,NA,NA,NA,FALSE,0
14-Dec-18,Dry,Kpalu I,48,936,7.90761667,11.08485,-11.08485,192,Mastomys,Mastomys,Mastomys natalensis,M,Adult,60,260,141,18,24,NA,NA,NA,NA,FALSE,0
14-Dec-18,Dry,Kpalu I,3,918,7.90761667,11.08485,-11.08485,193,Rattus,Rattus,Rattus rattus,M,Sub_adult,27,208,154,20,31,NA,NA,NA,NA,FALSE,0
14-Dec-18,Dry,Kpalu I,2,3,7.90761667,11.08485,-11.08485,194,Rattus,Rattus,Rattus rattus,M,Sub_adult,37,296,167,20,31,NA,NA,NA,NA,FALSE,0
14-Dec-18,Dry,Kpalu I,20,890,7.90761667,11.08485,-11.08485,195,Rattus,Rattus,Rattus rattus,M,Juvenile,18,206,108,19,25,NA,NA,NA,NA,FALSE,0
14-Dec-18,Dry,Kpalu I,38,201,7.90761667,11.08485,-11.08485,196,Mastomys,Mastomys,Mastomys natalensis,F,Juvenile,22,204,96,17,24,FALSE,NA,NA,FALSE,FALSE,0
14-Dec-18,Dry,Kpalu I,42,73,7.90761667,11.08485,-11.08485,197,Mastomys,Mastomys,Mastomys natalensis,F,Juvenile,12,186,59,9,18,FALSE,NA,NA,FALSE,TRUE,1
14-Dec-18,Dry,Kpalu I,42,73,7.90761667,11.08485,-11.08485,198,Mastomys,Mastomys,Mastomys natalensis,M,Juvenile,13,135,61,9,17,NA,NA,NA,NA,FALSE,0
14-Dec-18,Dry,Kpalu I,42,73,7.90761667,11.08485,-11.08485,199,Mastomys,Mastomys,Mastomys natalensis,F,Juvenile,13,140,64,10,17,FALSE,NA,NA,FALSE,FALSE,0
14-Dec-18,Dry,Kpalu I,24,252,7.90761667,11.08485,-11.08485,200,Mastomys,Mastomys,Mastomys natalensis,F,Adult,58,270,124,18,24,FALSE,NA,NA,FALSE,FALSE,0
14-Dec-18,Dry,Kpalu I,50,408,7.90761667,11.08485,-11.08485,201,Rattus,Rattus,Rattus rattus,F,Sub_adult,40,300,178,21,32,FALSE,3,9,TRUE,FALSE,0
14-Dec-18,Dry,Kpalu I,32,961,7.90761667,11.08485,-11.08485,202,Mastomys,Mastomys,Mastomys natalensis,F,Sub_adult,35,229,101,17,23,FALSE,4,8,TRUE,TRUE,4
14-Dec-18,Dry,Kpalu I,43,974,7.90761667,11.08485,-11.08485,203,Rattus,Rattus,Rattus rattus,F,Adult,80,305,188,23,33,FALSE,NA,NA,FALSE,FALSE,0
15-Dec-18,Dry,Kpalu I,16,429,7.90761667,11.08485,-11.08485,204,Rattus,Rattus,Rattus rattus,F,Adult,90,309,205,25,34,FALSE,NA,NA,FALSE,FALSE,0
15-Dec-18,Dry,Kpalu I,2,838,7.90761667,11.08485,-11.08485,205,Praomys,Praomys,Praomys rostratus,F,Sub_adult,39,295,156,19,25,FALSE,NA,NA,FALSE,FALSE,0
15-Dec-18,Dry,Kpalu I,14,288,7.90761667,11.08485,-11.08485,206,Rattus,Rattus,Rattus rattus,F,Sub_adult,36,298,169,20,29,FALSE,NA,NA,FALSE,FALSE,0
15-Dec-18,Dry,Kpalu I,3,918,7.90761667,11.08485,-11.08485,207,Mastomys,Mastomys,Mastomys natalensis,M,Adult,50,268,119,18,24,NA,NA,NA,NA,FALSE,0
15-Dec-18,Dry,Kpalu I,42,820,7.90761667,11.08485,-11.08485,208,Mastomys,Mastomys,Mastomys natalensis,M,Juvenile,13,125,55,12,17,NA,NA,NA,NA,FALSE,0
15-Dec-18,Dry,Kpalu I,28,309,7.90761667,11.08485,-11.08485,209,Mastomys,Mastomys,Mastomys natalensis,F,Sub_adult,40,261,115,18,23,FALSE,14,8,TRUE,FALSE,0
15-Dec-18,Dry,Kpalu I,1,972,7.90761667,11.08485,-11.08485,210,Mastomys,Mastomys,Mastomys natalensis,F,Sub_adult,26,199,95,18,23,FALSE,NA,NA,FALSE,TRUE,5
15-Dec-18,Dry,Kpalu I,28,982,7.90761667,11.08485,-11.08485,211,Mastomys,Mastomys,Mastomys natalensis,M,Sub_adult,40,239,101,18,24,NA,NA,NA,NA,FALSE,0
15-Dec-18,Dry,Kpalu I,35,1001,7.90761667,11.08485,-11.08485,212,Mastomys,Mastomys,Mastomys natalensis,F,Juvenile,9,139,67,12,18,FALSE,NA,NA,FALSE,FALSE,0
15-Dec-18,Dry,Kpalu I,36,860,7.90761667,11.08485,-11.08485,213,Mastomys,Mastomys,Mastomys natalensis,M,Sub_adult,40,262,114,17,23,NA,NA,NA,NA,TRUE,3
19-Dec-18,Dry,Maleh,14,993,7.898208,11.046249,-11.046249,214,Mastomys,Mastomys,Mastomys natalensis,M,Sub_adult,36,237,108,17,23,NA,NA,NA,NA,TRUE,4
19-Dec-18,Dry,Maleh,18,882,7.898208,11.046249,-11.046249,215,Mastomys,NA,NA,M,Juvenile,14,123,57,9,18,NA,NA,NA,NA,FALSE,0
19-Dec-18,Dry,Maleh,18,882,7.898208,11.046249,-11.046249,216,Mastomys,NA,NA,M,Juvenile,14,125,57,8,19,NA,NA,NA,NA,FALSE,0
19-Dec-18,Dry,Maleh,11,304,7.898208,11.046249,-11.046249,217,Hylomyscus,NA,NA,M,Juvenile,25,223,128,16,18,NA,NA,NA,NA,FALSE,0
19-Dec-18,Dry,Maleh,14,883,7.898208,11.046249,-11.046249,218,Rattus,NA,NA,M,Sub_adult,27,247,134,19,25,NA,NA,NA,NA,FALSE,0
19-Dec-18,Dry,Maleh,23,412,7.898208,11.046249,-11.046249,219,Mastomys,NA,NA,F,Adult,50,259,116,18,24,FALSE,9,18,TRUE,FALSE,0
19-Dec-18,Dry,Maleh,14,1010,7.898208,11.046249,-11.046249,220,Mastomys,Mastomys,Mastomys natalensis,M,Sub_adult,26,222,103,18,24,NA,NA,NA,NA,TRUE,5
19-Dec-18,Dry,Maleh,16,467,7.898208,11.046249,-11.046249,221,Mastomys,NA,NA,M,Sub_adult,30,213,98,17,24,NA,NA,NA,NA,FALSE,0
10-Jan-19,Dry,Mano-Ngeiya,3,15,8.0876,11.09935,-11.09935,222,Mastomys,NA,NA,M,Juvenile,15,175,134,16,18,NA,NA,NA,NA,FALSE,0
10-Jan-19,Dry,Mano-Ngeiya,10,884,8.0876,11.09935,-11.09935,223,Rattus,NA,NA,M,Sub_adult,38,208,110,24,35,NA,NA,NA,NA,FALSE,0
10-Jan-19,Dry,Mano-Ngeiya,12,937,8.0876,11.09935,-11.09935,224,Praomys,NA,NA,M,Juvenile,20,80,40,8,10,NA,NA,NA,NA,FALSE,0
10-Jan-19,Dry,Mano-Ngeiya,27,507,8.0876,11.09935,-11.09935,225,Mastomys,NA,NA,M,Adult,50,90.5,45.2,18,24,NA,NA,NA,NA,FALSE,0
10-Jan-19,Dry,Mano-Ngeiya,6,200,8.0876,11.09935,-11.09935,226,Rattus,NA,NA,M,Juvenile,16,100,51,17,35,NA,NA,NA,NA,FALSE,0
10-Jan-19,Dry,Mano-Ngeiya,15,981,8.0876,11.09935,-11.09935,227,Mastomys,NA,NA,M,Juvenile,16,160,35,15,24,NA,NA,NA,NA,FALSE,0
10-Jan-19,Dry,Mano-Ngeiya,6,820,8.0876,11.09935,-11.09935,228,Mastomys,NA,NA,M,Juvenile,20,81,40,17,24,NA,NA,NA,NA,FALSE,0
10-Jan-19,Dry,Mano-Ngeiya,27,406,8.0876,11.09935,-11.09935,229,Mastomys,Mastomys,Mastomys natalensis,F,Adult,80.1,31,16,18,24,FALSE,NA,NA,FALSE,TRUE,1
10-Jan-19,Dry,Mano-Ngeiya,26,440,8.0876,11.09935,-11.09935,230,Mastomys,NA,NA,M,Adult,50,81,46,18,24,NA,NA,NA,NA,FALSE,0
10-Jan-19,Dry,Mano-Ngeiya,24,955,8.0876,11.09935,-11.09935,231,Mastomys,NA,NA,F,Adult,65,230,110,18,24,FALSE,NA,NA,FALSE,FALSE,0
10-Jan-19,Dry,Mano-Ngeiya,9,600,8.0876,11.09935,-11.09935,232,Mastomys,NA,NA,M,Adult,45,120,91,18,23,NA,NA,NA,NA,FALSE,0
10-Jan-19,Dry,Mano-Ngeiya,13,14,8.0876,11.09935,-11.09935,233,Mastomys,NA,NA,M,Juvenile,20,150,70,11,31,NA,NA,NA,NA,FALSE,0
10-Jan-19,Dry,Mano-Ngeiya,11,3,8.0876,11.09935,-11.09935,234,Mastomys,Mastomys,Mastomys erythroleucus,M,Juvenile,20,141,50,17,21,NA,NA,NA,NA,FALSE,0
10-Jan-19,Dry,Mano-Ngeiya,17,938,8.0876,11.09935,-11.09935,235,Mastomys,NA,NA,M,Sub_adult,40,181,131,18,24,NA,NA,NA,NA,FALSE,0
15-Jan-19,Dry,Largo,12,59,8.05131,11.10525,-11.10525,236,Mastomys,NA,NA,F,Sub_adult,40,257,120,17,24,FALSE,NA,NA,FALSE,FALSE,0
15-Jan-19,Dry,Largo,16,437,8.05131,11.10525,-11.10525,237,Mastomys,NA,NA,F,Sub_adult,38,270,122,18,24,FALSE,NA,NA,FALSE,FALSE,0
15-Jan-19,Dry,Largo,26,465,8.05131,11.10525,-11.10525,238,Mastomys,NA,NA,M,Sub_adult,35,244,106,18,24,NA,NA,NA,NA,FALSE,0
15-Jan-19,Dry,Largo,16,197,8.05131,11.10525,-11.10525,239,Mastomys,NA,NA,M,Adult,52,286,126,18,24,NA,NA,NA,NA,TRUE,3
15-Jan-19,Dry,Largo,22,912,8.05131,11.10525,-11.10525,240,Mastomys,Mastomys,Mastomys natalensis,F,Juvenile,25,189,92,15,22,FALSE,NA,NA,FALSE,FALSE,0
15-Jan-19,Dry,Largo,16,428,8.05131,11.10525,-11.10525,241,Mastomys,NA,NA,F,Sub_adult,27.2,246,117,18,25,FALSE,NA,NA,FALSE,FALSE,0
15-Jan-19,Dry,Largo,16,977,8.05131,11.10525,-11.10525,242,Mastomys,NA,NA,M,Sub_adult,30,260,119,18,24,NA,NA,NA,NA,FALSE,0
15-Jan-19,Dry,Largo,22,903,8.05131,11.10525,-11.10525,243,Mastomys,NA,NA,M,Adult,70,290,134,18,24,NA,NA,NA,NA,FALSE,0
15-Jan-19,Dry,Largo,15,854,8.05131,11.10525,-11.10525,244,Mastomys,NA,NA,F,Juvenile,20,209,92,17,23,FALSE,NA,NA,FALSE,FALSE,0
15-Jan-19,Dry,Largo,16,406,8.05131,11.10525,-11.10525,245,Mastomys,Mastomys,Mastomys natalensis,F,Adult,77,279,123,18,24,FALSE,NA,NA,FALSE,TRUE,1
15-Jan-19,Dry,Largo,31,288,8.05131,11.10525,-11.10525,246,Rattus,NA,NA,F,Adult,80,384,210,25,34,FALSE,NA,NA,FALSE,FALSE,0
15-Jan-19,Dry,Largo,31,329,8.05131,11.10525,-11.10525,247,Rattus,NA,NA,F,Adult,80,399,113,23,34,FALSE,NA,NA,FALSE,FALSE,0
15-Jan-19,Dry,Largo,29,898,8.05131,11.10525,-11.10525,248,Mastomys,NA,NA,F,Juvenile,18,193,68,8,18,FALSE,2,4,TRUE,FALSE,0
15-Jan-19,Dry,Largo,26,11,8.05131,11.10525,-11.10525,249,Crocidura,NA,NA,M,Sub_adult,36.4,240,109,18,24,NA,NA,NA,NA,FALSE,0
16-Jan-19,Dry,Largo,Jun-31,506,8.05131,11.10525,-11.10525,250,Rattus,NA,NA,F,Adult,80,357,114,25,35,FALSE,NA,NA,FALSE,FALSE,0
16-Jan-19,Dry,Largo,9,996,8.05131,11.10525,-11.10525,251,Rattus,NA,NA,M,Sub_adult,26,234,122,18,27,NA,NA,NA,NA,FALSE,0
16-Jan-19,Dry,Largo,31,1020,8.05131,11.10525,-11.10525,252,Rattus,NA,NA,M,Adult,49,318,159,23,35,NA,NA,NA,NA,FALSE,0
16-Jan-19,Dry,Largo,7,902,8.05131,11.10525,-11.10525,253,Mastomys,NA,NA,F,Sub_adult,26.2,209,95,15,23,FALSE,NA,NA,FALSE,FALSE,0
16-Jan-19,Dry,Largo,10,870,8.05131,11.10525,-11.10525,254,Mastomys,NA,NA,M,Sub_adult,30.2,248,114,18,25,NA,NA,NA,NA,FALSE,0
16-Jan-19,Dry,Largo,31,85,8.05131,11.10525,-11.10525,255,Rattus,NA,NA,F,Adult,56,318,163,23,35,FALSE,NA,NA,FALSE,FALSE,0
16-Jan-19,Dry,Largo,17,12,8.05131,11.10525,-11.10525,256,Mastomys,NA,NA,F,Juvenile,24.2,205,93,17,24,FALSE,NA,NA,FALSE,FALSE,0
16-Jan-19,Dry,Largo,16,844,8.05131,11.10525,-11.10525,257,Mastomys,NA,NA,F,Sub_adult,25.3,205,101,18,23,FALSE,NA,NA,FALSE,FALSE,0
16-Jan-19,Dry,Largo,7,427,8.05131,11.10525,-11.10525,258,Rattus,NA,NA,M,Sub_adult,35,255,135,19,25,NA,NA,NA,NA,FALSE,0
16-Jan-19,Dry,Largo,15,73,8.05131,11.10525,-11.10525,259,Mastomys,Mastomys,Mastomys natalensis,M,Sub_adult,39,283,119,17,24,NA,NA,NA,NA,TRUE,4
16-Jan-19,Dry,Largo,16,993,8.05131,11.10525,-11.10525,260,Mastomys,NA,NA,M,Juvenile,23.8,239,109,17,24,NA,NA,NA,NA,FALSE,0
16-Jan-19,Dry,Largo,17,330,8.05131,11.10525,-11.10525,261,Mastomys,Mastomys,Mastomys natalensis,F,Sub_adult,26.3,205,94,17,23,FALSE,NA,NA,FALSE,FALSE,0
16-Jan-19,Dry,Largo,26,831,8.05131,11.10525,-11.10525,262,Mastomys,NA,NA,F,Sub_adult,30.5,240,105,17,23,FALSE,NA,NA,FALSE,FALSE,0
16-Jan-19,Dry,Largo,1,882,8.05131,11.10525,-11.10525,263,Mastomys,NA,NA,F,Sub_adult,26.6,221,98,15,23,FALSE,NA,NA,FALSE,FALSE,0
25-Jan-19,Dry,Largo,2,924,8.05131,11.10525,-11.10525,264,Mastomys,NA,NA,M,Juvenile,25,195,90,15,21,NA,NA,NA,NA,FALSE,0
25-Jan-19,Dry,Largo,2,924,8.05131,11.10525,-11.10525,265,Mastomys,NA,NA,M,Sub_adult,26,202,92,15,23,NA,NA,NA,NA,FALSE,0
25-Jan-19,Dry,Largo,2,832,8.05131,11.10525,-11.10525,266,Mastomys,NA,NA,F,Sub_adult,40,254,114,18,24,FALSE,NA,NA,FALSE,FALSE,0
25-Jan-19,Dry,Largo,10,936,8.05131,11.10525,-11.10525,267,Rattus,NA,NA,F,Sub_adult,35.4,274,134,21,31,FALSE,NA,NA,FALSE,FALSE,0
25-Jan-19,Dry,Largo,2,941,8.05131,11.10525,-11.10525,268,Mastomys,NA,NA,F,Sub_adult,27.5,225,98,16,23,FALSE,5,0.2,TRUE,FALSE,0
25-Jan-19,Dry,Largo,2,411,8.05131,11.10525,-11.10525,269,Mastomys,NA,NA,F,Sub_adult,26.8,221,96,17,23,FALSE,NA,NA,FALSE,FALSE,0
25-Jan-19,Dry,Largo,10,841,8.05131,11.10525,-11.10525,270,Rattus,NA,NA,F,Adult,58.9,348,183,23,31,FALSE,NA,NA,FALSE,FALSE,0
25-Jan-19,Dry,Largo,8,942,8.05131,11.10525,-11.10525,271,Mastomys,Mastomys,Mastomys natalensis,F,Juvenile,24.3,233,94,14,22,FALSE,NA,NA,FALSE,TRUE,3
26-Jan-19,Dry,Largo,16,428,8.05131,11.10525,-11.10525,272,Mastomys,NA,NA,F,Adult,55,269,116,18,24,FALSE,NA,NA,FALSE,FALSE,0
26-Jan-19,Dry,Largo,7,810,8.05131,11.10525,-11.10525,273,Rattus,NA,NA,M,Juvenile,22.2,232,129,17,22,NA,NA,NA,NA,FALSE,0
26-Jan-19,Dry,Largo,2,100,8.05131,11.10525,-11.10525,274,Mastomys,NA,NA,F,Juvenile,18,172,78,12,22,FALSE,NA,NA,FALSE,FALSE,0
26-Jan-19,Dry,Largo,2,158,8.05131,11.10525,-11.10525,275,Mastomys,NA,NA,F,Juvenile,20.1,198,88,16,23,FALSE,NA,NA,FALSE,FALSE,0
30-Jan-19,Dry,Panguma (vaama),4,946,8.18606667,11.12898,-11.12898,276,Mastomys,Mastomys,Mastomys natalensis,M,Adult,52.2,252,116,18,24,NA,NA,NA,NA,TRUE,4
30-Jan-19,Dry,Panguma (vaama),15,892,8.18606667,11.12898,-11.12898,277,Mastomys,Mastomys,Mastomys natalensis,M,Adult,60.5,266,121,18,25,NA,NA,NA,NA,TRUE,2
30-Jan-19,Dry,Panguma (vaama),18,154,8.18606667,11.12898,-11.12898,278,Mastomys,Mastomys,Mastomys natalensis,F,Adult,40.5,264,115,18,24,TRUE,NA,NA,FALSE,TRUE,3
30-Jan-19,Dry,Panguma (vaama),19,288,8.18606667,11.12898,-11.12898,279,Mastomys,Mastomys,Mastomys natalensis,F,Sub_adult,38.8,246,106,18,24,FALSE,9,3,TRUE,TRUE,5
30-Jan-19,Dry,Panguma (vaama),10,403,8.18606667,11.12898,-11.12898,280,Mastomys,NA,NA,M,Sub_adult,25.6,213,101,17,23,NA,NA,NA,NA,FALSE,0
30-Jan-19,Dry,Panguma (vaama),28,888,8.18606667,11.12898,-11.12898,281,Rattus,NA,NA,M,Sub_adult,35,255,132,21,27,NA,NA,NA,NA,FALSE,0
30-Jan-19,Dry,Panguma (vaama),28,672,8.18606667,11.12898,-11.12898,282,Rattus,NA,NA,F,Juvenile,22.5,259,134,21,29,FALSE,NA,NA,FALSE,FALSE,0
30-Jan-19,Dry,Panguma (vaama),28,826,8.18606667,11.12898,-11.12898,283,Rattus,NA,NA,M,Sub_adult,27.5,258,130,20,29,NA,NA,NA,NA,FALSE,0
30-Jan-19,Dry,Panguma (vaama),15,65,8.18606667,11.12898,-11.12898,284,Mastomys,NA,NA,F,Juvenile,25,180,83,14,23,FALSE,NA,NA,FALSE,FALSE,0
30-Jan-19,Dry,Panguma (vaama),19,912,8.18606667,11.12898,-11.12898,285,Mastomys,NA,NA,M,Juvenile,23.2,222,105,12,23,NA,NA,NA,NA,FALSE,0
30-Jan-19,Dry,Panguma (vaama),28,977,8.18606667,11.12898,-11.12898,286,Rattus,NA,NA,F,Sub_adult,26.2,284,102,17,25,FALSE,NA,NA,FALSE,FALSE,0
31-Jan-19,Dry,Panguma (vaama),19,903,8.18606667,11.12898,-11.12898,287,Mastomys,Mastomys,Mastomys natalensis,F,Sub_adult,27.5,207,92,17,23,FALSE,NA,NA,FALSE,TRUE,4
31-Jan-19,Dry,Panguma (vaama),28,846,8.18606667,11.12898,-11.12898,288,Rattus,NA,NA,M,Sub_adult,25.5,254,129,20,29,NA,NA,NA,NA,FALSE,0
31-Jan-19,Dry,Panguma (vaama),15,931,8.18606667,11.12898,-11.12898,289,Mastomys,NA,NA,M,Adult,40.5,257,112,18,24,NA,NA,NA,NA,FALSE,0
31-Jan-19,Dry,Panguma (vaama),24,853,8.18606667,11.12898,-11.12898,290,Crocidura,NA,NA,M,Sub_adult,30.2,202,66,7,19,NA,NA,NA,NA,FALSE,0
31-Jan-19,Dry,Panguma (vaama),10,1013,8.18606667,11.12898,-11.12898,291,Mastomys,NA,NA,F,Juvenile,22.3,198,95,17,23,FALSE,NA,NA,FALSE,FALSE,0
31-Jan-19,Dry,Panguma (vaama),11,170,8.18606667,11.12898,-11.12898,292,Mastomys,NA,NA,M,Adult,70.5,295,129,19,25,NA,NA,NA,NA,FALSE,0
31-Jan-19,Dry,Panguma (vaama),2,600,8.18606667,11.12898,-11.12898,293,Mastomys,NA,NA,M,Adult,60.5,268,118,18,24,NA,NA,NA,NA,FALSE,0
31-Jan-19,Dry,Panguma (vaama),15,885,8.18606667,11.12898,-11.12898,294,Mastomys,NA,NA,M,Juvenile,22.5,199,90,17,23,NA,NA,NA,NA,FALSE,0
31-Jan-19,Dry,Panguma (vaama),15,928,8.18606667,11.12898,-11.12898,295,Rattus,NA,NA,F,Juvenile,24.4,251,118,20,27,FALSE,NA,NA,FALSE,FALSE,0
1-Feb-19,Dry,Panguma (vaama),18,193,8.18606667,11.12898,-11.12898,296,Mastomys,Mastomys,Mastomys natalensis,M,Juvenile,15.3,175,80,16,20,NA,NA,NA,NA,FALSE,0
1-Feb-19,Dry,Panguma (vaama),28,887,8.18606667,11.12898,-11.12898,297,Mastomys,Mastomys,Mastomys natalensis,F,Sub_adult,26.4,250,101,20,16,FALSE,NA,NA,FALSE,TRUE,5
1-Feb-19,Dry,Panguma (vaama),28,988,8.18606667,11.12898,-11.12898,298,Mastomys,NA,NA,F,Sub_adult,29.4,210,95,17,34,FALSE,NA,NA,FALSE,FALSE,0
1-Feb-19,Dry,Panguma (vaama),17,107,8.18606667,11.12898,-11.12898,299,Rattus,NA,NA,F,Sub_adult,32.8,379,179,21,17,FALSE,NA,NA,FALSE,FALSE,0
1-Feb-19,Dry,Panguma (vaama),14,992,8.18606667,11.12898,-11.12898,300,Mastomys,Mastomys,Mastomys natalensis,M,Adult,60.1,282,123,18,24,NA,NA,NA,NA,TRUE,1
1-Feb-19,Dry,Panguma (vaama),19,805,8.18606667,11.12898,-11.12898,301,Mastomys,Mastomys,Mastomys natalensis,M,Sub_adult,40,255,109,18,24,NA,NA,NA,NA,TRUE,2
1-Feb-19,Dry,Panguma (vaama),18,971,8.18606667,11.12898,-11.12898,302,Mastomys,Mastomys,Mastomys natalensis,M,Sub_adult,34.7,224,119,17,24,NA,NA,NA,NA,TRUE,2
1-Feb-19,Dry,Panguma (vaama),19,854,8.18606667,11.12898,-11.12898,303,Mastomys,Mastomys,Mastomys natalensis,M,Sub_adult,38.4,283,112,18,24,NA,NA,NA,NA,TRUE,3
13-Feb-19,Dry,Tongola,7,888,8.21101667,11.0509,-11.0509,304,Mastomys,NA,NA,M,Juvenile,23.5,231,113,18,24,NA,NA,NA,NA,TRUE,5
13-Feb-19,Dry,Tongola,5,898,8.21101667,11.0509,-11.0509,305,Mastomys,NA,NA,F,Sub_adult,35.7,248,120,18,24,FALSE,NA,NA,FALSE,FALSE,0
13-Feb-19,Dry,Tongola,1,1000,8.21101667,11.0509,-11.0509,306,Mastomys,NA,NA,M,Adult,70.5,262,123,18,24,NA,NA,NA,NA,FALSE,0
13-Feb-19,Dry,Tongola,5,958,8.21101667,11.0509,-11.0509,307,Mastomys,NA,NA,F,Adult,41.3,213,113,18,24,FALSE,NA,NA,FALSE,TRUE,4
13-Feb-19,Dry,Tongola,5,939,8.21101667,11.0509,-11.0509,308,Mastomys,Mastomys,Mastomys natalensis,F,Adult,49,255,120,17,23,FALSE,NA,NA,FALSE,FALSE,0
13-Feb-19,Dry,Tongola,1,962,8.21101667,11.0509,-11.0509,309,Mastomys,NA,NA,F,Juvenile,13.2,275,85,18,24,FALSE,NA,NA,FALSE,FALSE,0
13-Feb-19,Dry,Tongola,25,408,8.21101667,11.0509,-11.0509,310,Mastomys,NA,NA,M,Sub_adult,27.5,175,94,16,22,NA,NA,NA,NA,FALSE,0
13-Feb-19,Dry,Tongola,5,504,8.21101667,11.0509,-11.0509,311,Mastomys,Mastomys,Mastomys natalensis,F,Sub_adult,35.5,22,103,18,29,FALSE,NA,NA,FALSE,TRUE,3
13-Feb-19,Dry,Tongola,5,1016,8.21101667,11.0509,-11.0509,312,Mastomys,Mastomys,Mastomys natalensis,M,Sub_adult,27.5,223,68,18,24,NA,NA,NA,NA,TRUE,5
13-Feb-19,Dry,Tongola,31,155,8.21101667,11.0509,-11.0509,313,Crocidura,NA,NA,M,Sub_adult,36.5,205,123,9,18,NA,NA,NA,NA,FALSE,0
23-Feb-19,Dry,Tongola,26,107,8.21101667,11.0509,-11.0509,314,Mastomys,Mastomys,Mastomys natalensis,F,Juvenile,20,261,91,18,24,FALSE,NA,NA,FALSE,TRUE,4
14-Feb-19,Dry,Tongola,5,889,8.21101667,11.0509,-11.0509,315,Mastomys,NA,NA,F,Sub_adult,35,183,111,16,22,FALSE,NA,NA,FALSE,FALSE,0
14-Feb-19,Dry,Tongola,26,990,8.21101667,11.0509,-11.0509,316,Mastomys,NA,NA,F,Juvenile,17.5,243,93,18,24,FALSE,NA,NA,FALSE,TRUE,5
14-Feb-19,Dry,Tongola,25,1013,8.21101667,11.0509,-11.0509,317,Mastomys,NA,NA,F,Juvenile,18.9,191,81,15,23,FALSE,NA,NA,FALSE,FALSE,0
14-Feb-19,Dry,Tongola,25,12,8.21101667,11.0509,-11.0509,318,Mastomys,NA,NA,M,Sub_adult,28.5,188,103,16,24,NA,NA,NA,NA,FALSE,0
14-Feb-19,Dry,Tongola,1,109,8.21101667,11.0509,-11.0509,319,Mastomys,NA,NA,M,Juvenile,10,224,64,18,23,NA,NA,NA,NA,FALSE,0
15-Feb-19,Dry,Tongola,5,949,8.21101667,11.0509,-11.0509,320,Mastomys,NA,NA,F,Sub_adult,32,143,107,14,19,FALSE,NA,NA,FALSE,FALSE,0
15-Feb-19,Dry,Tongola,7,974,8.21101667,11.0509,-11.0509,321,Mastomys,NA,NA,F,Sub_adult,40,230,119,18,24,FALSE,NA,NA,FALSE,TRUE,2
15-Feb-19,Dry,Tongola,34,811,8.21101667,11.0509,-11.0509,322,Crocidura,NA,NA,F,Sub_adult,30.8,271,102,10,24,FALSE,NA,NA,FALSE,FALSE,0
15-Feb-19,Dry,Tongola,19,328,8.21101667,11.0509,-11.0509,323,Mastomys,NA,NA,M,Juvenile,25,229,101,10,24,NA,NA,NA,NA,TRUE,2
22-Feb-19,Dry,Kamboma,25,467,8.12856667,11.1136,-11.1136,324,Mastomys,Mastomys,Mastomys natalensis,F,Sub_adult,35.5,240,109,18,24,FALSE,NA,NA,FALSE,FALSE,0
22-Feb-19,Dry,Kamboma,27,951,8.12856667,11.1136,-11.1136,325,Mastomys,Mastomys,Rattus rattus,M,Sub_adult,25.5,261,124,19,28,NA,NA,NA,NA,FALSE,0
22-Feb-19,Dry,Kamboma,41,853,8.12856667,11.1136,-11.1136,326,Mastomys,Mastomys,Mastomys natalensis,M,Adult,60,264,115,18,24,NA,NA,NA,NA,FALSE,0
22-Feb-19,Dry,Kamboma,34,877,8.12856667,11.1136,-11.1136,327,Mastomys,Mastomys,Mastomys natalensis,F,Sub_adult,38.8,246,109,17,23,TRUE,NA,NA,FALSE,TRUE,4
22-Feb-19,Dry,Kamboma,8,912,8.12856667,11.1136,-11.1136,328,Mastomys,Mastomys,Mastomys natalensis,F,Sub_adult,40,262,117,18,24,FALSE,NA,NA,FALSE,TRUE,2
22-Feb-19,Dry,Kamboma,34,411,8.12856667,11.1136,-11.1136,329,Mastomys,Mastomys,Mastomys natalensis,F,Sub_adult,27.8,259,120,18,24,FALSE,NA,NA,FALSE,TRUE,5
22-Feb-19,Dry,Kamboma,32,854,8.12856667,11.1136,-11.1136,330,Mastomys,Mastomys,Mastomys natalensis,F,Juvenile,17.1,178,84,14,22,FALSE,NA,NA,FALSE,TRUE,1
22-Feb-19,Dry,Kamboma,31,977,8.12856667,11.1136,-11.1136,331,Mastomys,Mastomys,Mastomys natalensis,F,Juvenile,19.5,181,80,15,22,FALSE,NA,NA,FALSE,FALSE,0
22-Feb-19,Dry,Kamboma,26,904,8.12856667,11.1136,-11.1136,332,Mastomys,Rattus,Rattus rattus,M,Sub_adult,25.5,240,112,18,24,NA,NA,NA,NA,TRUE,3
22-Feb-19,Dry,Kamboma,2,993,8.12856667,11.1136,-11.1136,333,Rattus,Rattus,Rattus rattus,F,Sub_adult,30.5,318,164,23,31,FALSE,NA,NA,FALSE,TRUE,4
22-Feb-19,Dry,Kamboma,4,4,8.12856667,11.1136,-11.1136,334,Crocidura,Crocidura,Crocidura olivieri,M,Juvenile,15.9,183,65,17,19,NA,NA,NA,NA,NA,NA
28-Feb-19,Dry,Pujehun,18,877,8.15158,11.09198,-11.09198,335,Rattus,NA,NA,M,Sub_adult,25.5,295,147,21,33,NA,NA,NA,NA,FALSE,0
28-Feb-19,Dry,Pujehun,2,862,8.15158,11.09198,-11.09198,336,Rattus,NA,NA,M,Adult,56.5,349,179,23,34,NA,NA,NA,NA,FALSE,0
28-Feb-19,Dry,Pujehun,19,894,8.15158,11.09198,-11.09198,337,Rattus,NA,NA,M,Sub_adult,26.5,289,145,21,30,NA,NA,NA,NA,FALSE,0
28-Feb-19,Dry,Pujehun,14,846,8.15158,11.09198,-11.09198,338,Rattus,NA,NA,F,Sub_adult,30,294,139,20,29,FALSE,NA,NA,FALSE,FALSE,0
28-Feb-19,Dry,Pujehun,33,967,8.15158,11.09198,-11.09198,339,Crocidura,Crocidura,Crocidura olivieri,F,Juvenile,17.3,188,55,7,16,FALSE,NA,NA,FALSE,FALSE,0
28-Feb-18,Dry,Pujehun,4,503,8.15158,11.09198,-11.09198,340,Rattus,NA,NA,F,Juvenile,20.1,225,113,18,28,FALSE,NA,NA,FALSE,FALSE,0
28-Feb-19,Dry,Pujehun,4,809,8.15158,11.09198,-11.09198,341,Rattus,NA,NA,M,Adult,50.9,338,170,24,34,NA,NA,NA,NA,NA,NA
1-Mar-19,Dry,Pujehun,5,306,8.15158,11.09198,-11.09198,342,Mastomys,Mastomys,Mastomys natalensis,F,Adult,40.5,264,113,18,24,FALSE,NA,NA,FALSE,TRUE,4
1-Mar-19,Dry,Pujehun,4,804,8.15158,11.09198,-11.09198,343,Rattus,NA,NA,M,Juvenile,22.3,235,114,19,25,NA,NA,NA,NA,FALSE,0
1-Mar-19,Dry,Pujehun,5,109,8.15158,11.09198,-11.09198,344,Rattus,NA,NA,M,Adult,58.8,350,172,23,33,NA,NA,NA,NA,FALSE,0
1-Mar-19,Dry,Pujehun,9,1012,8.15158,11.09198,-11.09198,345,Rattus,NA,NA,M,Sub_adult,30.5,318,163,23,34,NA,NA,NA,NA,FALSE,0
1-Mar-19,Dry,Pujehun,5,5,8.15158,11.09198,-11.09198,346,Rattus,NA,NA,M,Sub_adult,38.5,340,180,23,34,NA,NA,NA,NA,FALSE,0
27-Mar-19,Dry,Bowohun,15,405,8.10533,11.2127,-11.2127,347,Mastomys,NA,NA,M,Adult,43.8,244,116,17,24,NA,NA,NA,NA,TRUE,1
27-Mar-19,Dry,Bowohun,15,926,8.10533,11.2127,-11.2127,348,Mastomys,NA,NA,F,Adult,52.4,247,114,18,24,TRUE,4,1.9,TRUE,TRUE,3
27-Mar-19,Dry,Bowohun,6,199,8.10533,11.2127,-11.2127,349,Rattus,NA,NA,F,Sub_adult,29.6,259,135,19,29,FALSE,NA,NA,FALSE,FALSE,0
27-Mar-19,Dry,Bowohun,15,931,8.10533,11.2127,-11.2127,350,Rattus,NA,NA,M,Juvenile,7.1,124,60,12,18,NA,NA,NA,NA,FALSE,0
27-Mar-19,Dry,Bowohun,28,11,8.10533,11.2127,-11.2127,351,Rattus,NA,NA,F,Sub_adult,25.6,249,129,19,29,FALSE,NA,NA,FALSE,FALSE,0
28-Mar-19,Dry,Bowohun,14,956,8.10533,11.2127,-11.2127,352,Mastomys,NA,NA,M,Adult,64,260,115,18,24,NA,NA,NA,NA,FALSE,0
28-Mar-19,Dry,Bowohun,15,522,8.10533,11.2127,-11.2127,353,Mastomys,Mastomys,Mastomys natalensis,F,Adult,47.9,223,89,17,23,TRUE,NA,NA,FALSE,TRUE,4
28-Mar-19,Dry,Bowohun,15,804,8.10533,11.2127,-11.2127,354,Mastomys,NA,NA,M,Juvenile,8.2,132,63,14,19,NA,NA,NA,NA,FALSE,0
28-Mar-19,Dry,Bowohun,23,138,8.10533,11.2127,-11.2127,355,Rattus,NA,NA,M,Adult,108.5,306,181,24,35,NA,NA,NA,NA,FALSE,0
28-Mar-19,Dry,Bowohun,15,841,8.10533,11.2127,-11.2127,356,Rattus,NA,NA,F,Adult,61.9,302,158,22,32,FALSE,NA,NA,FALSE,FALSE,0
28-Mar-19,Dry,Bowohun,18,898,8.10533,11.2127,-11.2127,357,Rattus,NA,NA,M,Sub_adult,33.4,271,141,20,39,NA,NA,NA,NA,FALSE,0
28-Mar-19,Dry,Bowohun,18,504,8.10533,11.2127,-11.2127,358,Rattus,NA,NA,M,Sub_adult,29.5,272,142,18,30,NA,NA,NA,NA,FALSE,0
28-Mar-19,Dry,Bowohun,7,45,8.10533,11.2127,-11.2127,359,Rattus,NA,NA,F,Adult,54.1,318,169,20,33,FALSE,NA,NA,FALSE,FALSE,0
2-Apr-19,Dry,Saleima,1,912,8.122449,11.193644,-11.193644,360,Mastomys,Mastomys,Mastomys natalensis,M,Adult,68.4,270,118,18,24,NA,NA,NA,NA,TRUE,5
2-Apr-19,Dry,Saleima,1,12,8.122449,11.193644,-11.193644,361,Mastomys,Mastomys,Mastomys natalensis,F,Adult,60.6,249,11.4,18,24,FALSE,NA,NA,FALSE,TRUE,5
2-Apr-19,Dry,Saleima,3,972,8.122449,11.193644,-11.193644,362,Mastomys,Mastomys,Mastomys natalensis,F,Juvenile,20,280,109,18,24,FALSE,NA,NA,FALSE,TRUE,4
2-Apr-19,Dry,Saleima,3,600,8.122449,11.193644,-11.193644,363,Mastomys,NA,NA,F,Sub_adult,27.1,234,109,18,35,FALSE,NA,NA,FALSE,FALSE,0
2-Apr-19,Dry,Saleima,5,198,8.122449,11.193644,-11.193644,364,Rattus,NA,NA,M,Juvenile,21.6,123,118,24,32,NA,NA,NA,NA,FALSE,0
2-Apr-19,Dry,Saleima,7,804,8.122449,11.193644,-11.193644,365,Mastomys,NA,NA,M,Juvenile,20.6,278,115,18,24,NA,NA,NA,NA,FALSE,0
2-Apr-19,Dry,Saleima,8,708,8.122449,11.193644,-11.193644,366,Mastomys,NA,NA,F,Adult,68.6,340,175,18,24,FALSE,NA,NA,FALSE,FALSE,0
2-Apr-19,Dry,Saleima,10,907,8.122449,11.193644,-11.193644,367,Rattus,NA,NA,F,Adult,73.4,339,175,23,31,FALSE,NA,NA,FALSE,FALSE,0
2-Apr-19,Dry,Saleima,11,406,8.122449,11.193644,-11.193644,368,Mastomys,Mastomys,Mastomys natalensis,M,Sub_adult,32.2,322,94,18,24,NA,NA,NA,NA,TRUE,3
3-Apr-19,Dry,Saleima,1,806,8.122449,11.193644,-11.193644,369,Rattus,NA,NA,F,Adult,75.1,301,179,22,32,FALSE,NA,NA,FALSE,FALSE,0
3-Apr-19,Dry,Saleima,7,865,8.122449,11.193644,-11.193644,370,Mastomys,Mastomys,Mastomys natalensis,F,Sub_adult,33.8,225,101,17,22,FALSE,NA,NA,FALSE,TRUE,1
3-Apr-19,Dry,Saleima,7,417,8.122449,11.193644,-11.193644,371,Rattus,Rattus,Rattus rattus,F,Adult,56.1,321,166,21,32,FALSE,NA,NA,FALSE,FALSE,0
3-Apr-19,Dry,Saleima,11/15?,193,8.122449,11.193644,-11.193644,372,Rattus,NA,NA,F,Adult,65.9,369,178,22,31,FALSE,NA,NA,FALSE,FALSE,0
10-Apr-19,Dry,Joru,11,912,7.69242,11.05632,-11.05632,373,Mastomys,NA,NA,M,Adult,56.6,239,103,18,24,NA,NA,NA,NA,FALSE,0
10-Apr-19,Dry,Joru,8,706,7.69242,11.05632,-11.05632,374,Rattus,NA,NA,F,Adult,112.9,287,155,2.4,31,FALSE,NA,NA,FALSE,FALSE,0
10-Apr-19,Dry,Joru,13,198,7.69242,11.05632,-11.05632,375,Mastomys,NA,NA,F,Sub_adult,27.1,223,101,17,23,FALSE,NA,NA,FALSE,FALSE,0
10-Apr-19,Dry,Joru,10,841,7.69242,11.05632,-11.05632,376,Praomys,NA,NA,F,Adult,59,282,139,21,25,FALSE,NA,NA,FALSE,NA,NA
10-Apr-19,Dry,Joru,22,845,7.69242,11.05632,-11.05632,377,Rattus,NA,NA,M,Adult,71.9,331,169,21,32,NA,NA,NA,NA,NA,NA
10-Apr-19,Dry,Joru,23,882,7.69242,11.05632,-11.05632,378,Rattus,NA,NA,F,Adult,103.5,341,188,23,32,FALSE,NA,NA,FALSE,FALSE,0
10-Apr-19,Dry,Joru,6,945,7.69242,11.05632,-11.05632,379,Mastomys,NA,NA,F,Juvenile,22.4,193,85,18,21,FALSE,NA,NA,FALSE,FALSE,0
10-Apr-19,Dry,Joru,22,865,7.69242,11.05632,-11.05632,380,Mastomys,NA,NA,M,Adult,58.3,250,109,18,24,NA,NA,NA,NA,TRUE,5
11-Apr-19,Dry,Joru,27,841,7.69242,11.05632,-11.05632,381,Rattus,NA,NA,M,Adult,48.1,291,148,21,28,NA,NA,NA,NA,FALSE,0
11-Apr-19,Dry,Joru,4,153,7.69242,11.05632,-11.05632,382,Praomys,NA,NA,F,Sub_adult,26.6,203,99,18,25,FALSE,NA,NA,FALSE,FALSE,0
11-Apr-19,Dry,Joru,16,330,7.69242,11.05632,-11.05632,383,Mastomys,NA,NA,M,Adult,81.4,224,118,17,24,NA,NA,NA,NA,FALSE,0
11-Apr-19,Dry,Joru,29,109,7.69242,11.05632,-11.05632,384,Rattus,NA,NA,M,Adult,123.4,354,184,24,32,NA,NA,NA,NA,FALSE,0
11-Apr-19,Dry,Joru,27,856,7.69242,11.05632,-11.05632,385,Rattus,NA,NA,F,Sub_adult,27,249,29,23,33,FALSE,NA,NA,FALSE,FALSE,0
11-Apr-19,Dry,Joru,17,32/1002?,7.69242,11.05632,-11.05632,386,Rattus,NA,NA,M,Sub_adult,29.6,259,138,19,28,NA,NA,NA,NA,FALSE,0
11-Apr-19,Dry,Joru,13,935,7.69242,11.05632,-11.05632,387,Mastomys,NA,NA,F,Juvenile,22.2,199,89,17,24,FALSE,NA,NA,FALSE,FALSE,0
3-May-19,Rainy,Njagor,3,860,8.24533,11.13538,-11.13538,388,Rattus,NA,NA,M,Adult,45.5,281,14.3,19,30,NA,NA,NA,NA,FALSE,0
3-May-19,Rainy,Njagor,NA,912,8.24533,11.13538,-11.13538,389,Mastomys,Mastomys,Mastomys natalensis,F,Sub_adult,39.4,23.3,10.7,1.8,2.4,FALSE,NA,NA,FALSE,TRUE,2
3-May-19,Rainy,Njagor,NA,220,8.24533,11.13538,-11.13538,390,Mastomys,NA,NA,F,Sub_adult,28.2,239,112,18,24,FALSE,NA,NA,FALSE,FALSE,0
3-May-19,Rainy,Njagor,3,17,8.24533,11.13538,-11.13538,391,Rattus,NA,NA,F,Juvenile,19,201,100,18,24,FALSE,NA,NA,FALSE,FALSE,0
3-May-19,Rainy,Njagor,3,1011,8.24533,11.13538,-11.13538,392,Rattus,NA,NA,M,Juvenile,19.9,184,94,18,25,NA,NA,NA,NA,FALSE,0
3-May-19,Rainy,Njagor,13,1003,8.24533,11.13538,-11.13538,393,Rattus,NA,NA,F,Juvenile,19.2,216,112,19,25,FALSE,NA,NA,FALSE,FALSE,0
3-May-19,Rainy,Njagor,3,301,8.24533,11.13538,-11.13538,394,Rattus,NA,NA,M,Juvenile,23.4,201,98,19,25,NA,NA,NA,NA,FALSE,0
3-May-19,Rainy,Njagor,17,939,8.24533,11.13538,-11.13538,395,Rattus,NA,NA,F,Adult,121.7,401,186,23,34,FALSE,NA,NA,FALSE,FALSE,0
4-May-19,Rainy,Njagor,17,946,8.24533,11.13538,-11.13538,396,Rattus,NA,NA,M,Adult,107.5,377,194,25,34,NA,NA,NA,NA,FALSE,0
4-May-19,Rainy,Njagor,NA,964,8.24533,11.13538,-11.13538,397,Mastomys,NA,NA,F,Adult,64.6,245,108,18,24,FALSE,NA,NA,FALSE,FALSE,0
14-May-19,Rainy,Bambawo,2,975,8.00928,11.13246,-11.13246,398,Mastomys,NA,NA,F,Adult,52.3,244,116,18,24,FALSE,NA,NA,FALSE,FALSE,0
14-May-19,Rainy,Bambawo,21,938,8.00928,11.13246,-11.13246,399,Rattus,NA,NA,M,Adult,50,402,204,24,34,NA,NA,NA,NA,FALSE,0
15-May-19,Rainy,Bambawo,4,72,8.00928,11.13246,-11.13246,400,Rattus,NA,NA,F,Adult,136.3,390,209,27,34,FALSE,NA,NA,FALSE,FALSE,0
22-May-19,Rainy,Jamboma,14,877,8.12151667,11.2149,-11.2149,401,Mastomys,NA,NA,F,Adult,45.2,238,109,18,24,TRUE,NA,NA,FALSE,FALSE,0
22-May-19,Rainy,Jamboma,14,877,8.12151667,11.2149,-11.2149,402,Mastomys,NA,NA,M,Juvenile,12.1,163,78,15,22,NA,NA,NA,NA,FALSE,0
22-May-19,Rainy,Jamboma,14,856,8.12151667,11.2149,-11.2149,403,Mastomys,NA,NA,F,Adult,61.1,263,119,18,24,TRUE,9,9,TRUE,FALSE,0
22-May-19,Rainy,Jamboma,14,856,8.12151667,11.2149,-11.2149,404,Mastomys,NA,NA,F,Juvenile,19.5,184,85,15,22,FALSE,NA,NA,FALSE,FALSE,0
22-May-19,Rainy,Jamboma,15,998,8.12151667,11.2149,-11.2149,405,Rattus,NA,NA,F,Adult,113.4,374,199,25,32,TRUE,NA,NA,FALSE,FALSE,0
22-May-19,Rainy,Jamboma,14,332,8.12151667,11.2149,-11.2149,406,Mastomys,NA,NA,F,Adult,63.3,268,124,18,24,FALSE,10,8,TRUE,FALSE,0
22-May-19,Rainy,Jamboma,13,411,8.12151667,11.2149,-11.2149,407,Mastomys,NA,NA,F,Juvenile,17.8,176,79,14,23,FALSE,N,N,TRUE,FALSE,0
22-May-19,Rainy,Jamboma,3,138,8.12151667,11.2149,-11.2149,408,Rattus,NA,NA,F,Adult,118.2,380,210,25,33,TRUE,8,4,TRUE,FALSE,0
22-May-19,Rainy,Jamboma,3,107,8.12151667,11.2149,-11.2149,409,Rattus,NA,NA,F,Adult,95.7,371,203,23,33,FALSE,NA,NA,FALSE,FALSE,0
22-May-19,Rainy,Jamboma,4,960,8.12151667,11.2149,-11.2149,410,Rattus,NA,NA,F,Adult,45.3,301,158,23,29,FALSE,NA,NA,FALSE,FALSE,0
22-May-19,Rainy,Jamboma,2,912,8.12151667,11.2149,-11.2149,411,Rattus,NA,NA,M,Sub_adult,28.5,239,119,19,28,NA,NA,NA,NA,FALSE,0
22-May-19,Rainy,Jamboma,14,888,8.12151667,11.2149,-11.2149,412,Rattus,NA,NA,F,Adult,118.8,373,189,24,33,FALSE,NA,NA,FALSE,FALSE,0
22-May-19,Rainy,Jamboma,3,868,8.12151667,11.2149,-11.2149,413,Rattus,NA,NA,M,Juvenile,18.9,204,98,18,23,NA,NA,NA,NA,FALSE,0
22-May-19,Rainy,Jamboma,2,810,8.12151667,11.2149,-11.2149,414,Rattus,NA,NA,M,Adult,43.4,295,148,19,30,NA,NA,NA,NA,FALSE,0
22-May-19,Rainy,Jamboma,9,882,8.12151667,11.2149,-11.2149,415,Mastomys,NA,NA,F,Adult,68.6,270,119,18,24,FALSE,NA,NA,FALSE,FALSE,0
22-May-19,Rainy,Jamboma,3,1010,8.12151667,11.2149,-11.2149,416,Rattus,NA,NA,M,Adult,69.9,334,178,23,31,NA,NA,NA,NA,FALSE,0
22-May-19,Rainy,Jamboma,3,1010,8.12151667,11.2149,-11.2149,417,Rattus,Rattus,Rattus rattus,M,Adult,45.8,314,164,22,30,NA,NA,NA,NA,FALSE,0
22-May-19,Rainy,Jamboma,17,329,8.12151667,11.2149,-11.2149,418,Rattus,Rattus,Rattus rattus,F,Adult,50.5,315,119,23,34,FALSE,NA,NA,FALSE,FALSE,0
22-May-19,Rainy,Jamboma,2,409,8.12151667,11.2149,-11.2149,419,Rattus,NA,NA,M,Sub_adult,35.5,279,144,20,31,NA,NA,NA,NA,FALSE,0
22-May-19,Rainy,Jamboma,3,1020,8.12151667,11.2149,-11.2149,420,Rattus,Rattus,Rattus rattus,F,Adult,45.9,319,168,23,29,FALSE,NA,NA,FALSE,FALSE,0
22-May-19,Rainy,Jamboma,5,72,8.12151667,11.2149,-11.2149,421,Rattus,Rattus,Rattus rattus,M,Adult,45.6,324,169,21,29,NA,NA,NA,NA,FALSE,0
23-May-19,Rainy,Jamboma,14,933,8.12151667,11.2149,-11.2149,422,Mastomys,NA,NA,F,Sub_adult,35.1,257,121,18,24,FALSE,NA,NA,FALSE,FALSE,0
23-May-19,Rainy,Jamboma,11,306,8.12151667,11.2149,-11.2149,423,Mastomys,Mastomys,Mastomys erythroleucus,F,Adult,50.5,279,125,18,25,FALSE,NA,NA,FALSE,TRUE,1
23-May-19,Rainy,Jamboma,14,865,8.12151667,11.2149,-11.2149,424,Mastomys,NA,NA,M,Adult,57.5,301,138,18,25,NA,NA,NA,NA,FALSE,0
23-May-19,Rainy,Jamboma,2,962,8.12151667,11.2149,-11.2149,425,Rattus,NA,NA,M,Sub_adult,27.5,262,138,19,29,NA,NA,NA,NA,FALSE,0
23-May-19,Rainy,Jamboma,10,109,8.12151667,11.2149,-11.2149,426,Mastomys,Mastomys,Mastomys natalensis,F,Juvenile,22.5,235,105,17,24,FALSE,NA,NA,FALSE,TRUE,4
23-May-19,Rainy,Jamboma,5,45,8.12151667,11.2149,-11.2149,427,Mastomys,Mastomys,Mastomys natalensis,M,Adult,45.5,261,113,18,24,NA,NA,NA,NA,TRUE,3
23-May-19,Rainy,Jamboma,9,905,8.12151667,11.2149,-11.2149,428,Mastomys,Mastomys,Mastomys natalensis,M,Juvenile,12,155,69,12,19,NA,NA,NA,NA,NA,NA
19-Jun-19,Rainy,Saahun ,15,964,7.769487,11.113127,-11.113127,429,Hylomyscus,Hylomyscus,Hylomyscus simus,F,Juvenile,20.5,183,91,17,17,FALSE,NA,NA,FALSE,FALSE,0
19-Jun-19,Rainy,Saahun ,11,894,7.769487,11.113127,-11.113127,430,Mastomys,Mastomys,Mastomys natalensis,F,Sub_adult,35.6,23.8,100,18,24,FALSE,NA,NA,FALSE,FALSE,0
19-Jun-19,Rainy,Saahun ,6,20,7.769487,11.113127,-11.113127,431,Mastomys,Mastomys,Mastomys natalensis,M,Juvenile,14.9,155,70,16,19,NA,NA,NA,NA,FALSE,0
19-Jun-19,Rainy,Saahun ,13,949,7.769487,11.113127,-11.113127,432,Mastomys,Mastomys,Mastomys natalensis,M,Juvenile,21,185,90,16,24,NA,NA,NA,NA,FALSE,0
19-Jun-19,Rainy,Saahun ,9,895,7.769487,11.113127,-11.113127,433,Mastomys,Mastomys,Mastomys natalensis,F,Juvenile,21.8,186,89,16,22,FALSE,NA,NA,FALSE,FALSE,0
19-Jun-19,Rainy,Saahun ,7,946,7.769487,11.113127,-11.113127,434,Mastomys,Mastomys,Mastomys natalensis,F,Adult,62.6,237,81,18,24,TRUE,NA,NA,FALSE,FALSE,0
19-Jun-19,Rainy,Saahun ,26,814,7.769487,11.113127,-11.113127,435,Mastomys,Mastomys,Mastomys natalensis,F,Adult,52.6,249,109,18,24,FALSE,NA,NA,FALSE,TRUE,5
19-Jun-19,Rainy,Saahun ,6,908,7.769487,11.113127,-11.113127,436,Mastomys,Mastomys,Mastomys natalensis,M,Adult,41.9,238,108,18,24,NA,NA,NA,NA,FALSE,0
19-Jun-19,Rainy,Saahun ,14,829,7.769487,11.113127,-11.113127,437,Mastomys,Mastomys,Mastomys natalensis,M,Juvenile,15.2,165,78,14,19,NA,NA,NA,NA,TRUE,4
19-Jun-19,Rainy,Saahun ,1,960,7.769487,11.113127,-11.113127,438,Mastomys,NA,NA,F,Adult,52.9,244,108,18,24,FALSE,NA,NA,FALSE,TRUE,2
19-Jun-19,Rainy,Saahun ,11,936,7.769487,11.113127,-11.113127,439,Mastomys,NA,NA,F,Adult,43.7,261,115,18,24,FALSE,NA,NA,FALSE,FALSE,0
19-Jun-19,Rainy,Saahun ,26,412,7.769487,11.113127,-11.113127,440,Mastomys,Mastomys,Mastomys natalensis,F,Adult,67.6,276,122,18,24,FALSE,NA,NA,FALSE,TRUE,5
19-Jun-19,Rainy,Saahun ,7,955,7.769487,11.113127,-11.113127,441,Mastomys,NA,NA,F,Adult,84.7,273,125,18,24,FALSE,12,13,TRUE,TRUE,4
19-Jun-19,Rainy,Saahun ,20,1015,7.769487,11.113127,-11.113127,442,Mastomys,Mastomys,Mastomys natalensis,F,Adult,61.2,252,16,18,24,TRUE,10,3,TRUE,FALSE,0
19-Jun-19,Rainy,Saahun ,13,253,7.769487,11.113127,-11.113127,443,Mastomys,Mastomys,Mastomys natalensis,M,Adult,48.2,258,121,17,24,NA,NA,NA,NA,FALSE,0
19-Jun-19,Rainy,Saahun ,9,966,7.769487,11.113127,-11.113127,444,Mastomys,Mastomys,Mastomys natalensis,M,Adult,62,281,125,18,24,NA,NA,NA,NA,FALSE,0
19-Jun-19,Rainy,Saahun ,24,506,7.769487,11.113127,-11.113127,445,Mastomys,Mastomys,Mastomys natalensis,F,Juvenile,20.3,195,94,18,24,FALSE,NA,NA,FALSE,FALSE,0
19-Jun-19,Rainy,Saahun ,1,55,7.769487,11.113127,-11.113127,446,Mastomys,Mastomys,Mastomys natalensis,F,Sub_adult,32.1,213,94,17,23,FALSE,NA,NA,FALSE,FALSE,0
19-Jun-19,Rainy,Saahun ,14,938,7.769487,11.113127,-11.113127,447,Mastomys,Mastomys,Mastomys natalensis,F,Sub_adult,30.1,241,81,18,24,FALSE,NA,NA,FALSE,FALSE,0
19-Jun-19,Rainy,Saahun ,6,177,7.769487,11.113127,-11.113127,448,Rattus,Rattus,Rattus rattus,F,Sub_adult,31.7,253,137,23,33,FALSE,NA,NA,FALSE,FALSE,0
19-Jun-19,Rainy,Saahun ,1,52,7.769487,11.113127,-11.113127,449,Mastomys,Mastomys,Mastomys natalensis,M,Juvenile,14.2,121,83,12,18,NA,NA,NA,NA,FALSE,0
19-Jun-19,Rainy,Saahun ,4,919,7.769487,11.113127,-11.113127,450,Mastomys,Mastomys,Mastomys natalensis,M,Adult,59.4,265,136,18,23,NA,NA,NA,NA,FALSE,0
19-Jun-19,Rainy,Saahun ,6,869,7.769487,11.113127,-11.113127,451,Rattus,Rattus,Rattus rattus,M,Sub_adult,30.2,252,128,19,23,NA,NA,NA,NA,FALSE,0
19-Jun-19,Rainy,Saahun ,6,806,7.769487,11.113127,-11.113127,452,Mastomys,Mastomys,Mastomys natalensis,F,Sub_adult,26.9,243,93,16,21,FALSE,NA,NA,FALSE,FALSE,0
19-Jun-19,Rainy,Saahun ,13,78,7.769487,11.113127,-11.113127,453,Mastomys,Mastomys,Mastomys natalensis,F,Adult,52.4,244,108,18,24,FALSE,NA,NA,FALSE,FALSE,0
19-Jun-19,Rainy,Saahun ,22,90,7.769487,11.113127,-11.113127,454,Mastomys,Mastomys,Mastomys natalensis,F,Juvenile,12.2,164,83,13,16,FALSE,NA,NA,FALSE,FALSE,0
19-Jun-19,Rainy,Saahun ,8,900,7.769487,11.113127,-11.113127,455,Mastomys,Mastomys,Mastomys natalensis,F,Juvenile,17,125,72,14,29,FALSE,NA,NA,FALSE,FALSE,0
19-Jun-19,Rainy,Saahun ,11,818,7.769487,11.113127,-11.113127,456,Mastomys,Mastomys,Mastomys natalensis,F,Juvenile,16.2,161,83,15,21,FALSE,NA,NA,FALSE,TRUE,2
19-Jun-19,Rainy,Saahun ,26,877,7.769487,11.113127,-11.113127,457,Rattus,Rattus,Rattus rattus,M,Juvenile,24.2,238,119,19,26,NA,NA,NA,NA,FALSE,0
19-Jun-19,Rainy,Saahun ,6,856,7.769487,11.113127,-11.113127,458,Rattus,Rattus,Rattus rattus,F,Adult,58.8,301,133,28,27,FALSE,NA,NA,FALSE,FALSE,0
19-Jun-19,Rainy,Saahun ,17,984,7.769487,11.113127,-11.113127,459,Mastomys,Mastomys,Mastomys natalensis,M,Adult,70.3,280,129,18,24,NA,NA,NA,NA,FALSE,0
20-Jun-19,Rainy,Saahun ,7,226,7.769487,11.113127,-11.113127,460,Mastomys,Mastomys,Mastomys natalensis,M,Juvenile,17.2,176,84,14,19,NA,NA,NA,NA,FALSE,0
20-Jun-19,Rainy,Saahun ,23,72,7.769487,11.113127,-11.113127,461,Mastomys,Mastomys,Mastomys natalensis,M,Juvenile,20.4,193,92,17,23,NA,NA,NA,NA,FALSE,0
20-Jun-19,Rainy,Saahun ,24,988,7.769487,11.113127,-11.113127,462,Mastomys,Mastomys,Mastomys natalensis,F,Sub_adult,33.3,221,101,18,24,FALSE,NA,NA,FALSE,FALSE,0
20-Jun-19,Rainy,Saahun ,24,304,7.769487,11.113127,-11.113127,463,Mastomys,Mastomys,Mastomys natalensis,M,Sub_adult,34.7,230,106,18,24,NA,NA,NA,NA,TRUE,4
20-Jun-19,Rainy,Saahun ,24,867,7.769487,11.113127,-11.113127,464,Mastomys,Mastomys,Mastomys natalensis,F,Adult,47.9,257,115,18,24,FALSE,NA,NA,FALSE,FALSE,0
20-Jun-19,Rainy,Saahun ,1,179,7.769487,11.113127,-11.113127,465,Mastomys,Mastomys,Mastomys natalensis,M,Sub_adult,31.3,217,101,18,24,NA,NA,NA,NA,TRUE,3
20-Jun-19,Rainy,Saahun ,2,896,7.769487,11.113127,-11.113127,466,Mastomys,Mastomys,Mastomys natalensis,F,Adult,42.9,252,119,18,24,FALSE,NA,NA,FALSE,TRUE,5
20-Jun-19,Rainy,Saahun ,4,440,7.769487,11.113127,-11.113127,467,Mastomys,NA,NA,F,Adult,41.8,254,116,18,24,FALSE,NA,NA,FALSE,FALSE,0
20-Jun-19,Rainy,Saahun ,7,708,7.769487,11.113127,-11.113127,468,Mastomys,NA,NA,F,Adult,79.5,258,113,18,24,FALSE,14,18,TRUE,FALSE,0
20-Jun-19,Rainy,Saahun ,7,1000,7.769487,11.113127,-11.113127,469,Mastomys,NA,NA,F,Adult,66.8,278,129,18,24,TRUE,13,7,TRUE,FALSE,0
20-Jun-19,Rainy,Saahun ,7,1000,7.769487,11.113127,-11.113127,470,Mastomys,NA,NA,F,Sub_adult,30.8,218,104,16,23,FALSE,NA,NA,FALSE,FALSE,0
20-Jun-19,Rainy,Saahun ,7,1000,7.769487,11.113127,-11.113127,471,Mastomys,NA,NA,M,Juvenile,17,183,88,13,22,NA,NA,NA,NA,FALSE,0
20-Jun-19,Rainy,Saahun ,7,439,7.769487,11.113127,-11.113127,472,Mastomys,NA,NA,F,Adult,53.6,241,114,18,24,FALSE,NA,NA,FALSE,FALSE,0
20-Jun-19,Rainy,Saahun ,7,439,7.769487,11.113127,-11.113127,473,Mastomys,NA,NA,F,Sub_adult,37.3,233,109,18,24,FALSE,6,18,TRUE,FALSE,0
20-Jun-19,Rainy,Saahun ,7,849,7.769487,11.113127,-11.113127,474,Mastomys,Mastomys,Mastomys natalensis,M,Adult,76.6,212,109,18,24,NA,NA,NA,NA,TRUE,2
20-Jun-19,Rainy,Saahun ,14,405,7.769487,11.113127,-11.113127,475,Mastomys,Mastomys,Mastomys natalensis,M,Juvenile,8.8,85,132,15,22,NA,NA,NA,NA,FALSE,0
20-Jun-19,Rainy,Saahun ,12,884,7.769487,11.113127,-11.113127,476,Mastomys,Mastomys,Mastomys natalensis,M,Adult,41.8,258,123,18,24,NA,NA,NA,NA,TRUE,3
20-Jun-19,Rainy,Saahun ,17,824,7.769487,11.113127,-11.113127,477,Mastomys,Mastomys,Mastomys natalensis,M,Sub_adult,39.7,239,103,16,24,NA,NA,NA,NA,FALSE,0
20-Jun-19,Rainy,Saahun ,12,835,7.769487,11.113127,-11.113127,478,Mastomys,Mastomys,Mastomys natalensis,M,Adult,44.2,231,101,18,24,NA,NA,NA,NA,TRUE,2
20-Jun-19,Rainy,Saahun ,20,886,7.769487,11.113127,-11.113127,479,Mastomys,Mastomys,Mastomys natalensis,F,Adult,56.6,272,119,18,24,FALSE,NA,NA,FALSE,FALSE,0
20-Jun-19,Rainy,Saahun ,16,882,7.769487,11.113127,-11.113127,480,Mastomys,Mastomys,Mastomys natalensis,M,Juvenile,22.5,209,101,15,23,NA,NA,NA,NA,TRUE,1
20-Jun-19,Rainy,Saahun ,11,1004,7.769487,11.113127,-11.113127,481,Mastomys,Mastomys,Mastomys natalensis,F,Adult,47.5,238,113,18,23,FALSE,NA,NA,FALSE,FALSE,0
27-Jun-19,Rainy,Saahun ,10,936,7.769487,11.113127,-11.113127,482,Mastomys,Mastomys,Mastomys natalensis,F,Juvenile,12,164,79,14,19,FALSE,NA,NA,FALSE,FALSE,0
27-Jun-19,Rainy,Saahun ,8,814,7.769487,11.113127,-11.113127,483,Rattus,NA,NA,F,Adult,75,310,173,23,30,FALSE,NA,NA,FALSE,FALSE,0
27-Jun-19,Rainy,Saahun ,13,876,7.769487,11.113127,-11.113127,484,Rattus,NA,NA,M,Adult,73.4,390,169,19,23,NA,NA,NA,NA,TRUE,1
27-Jun-19,Rainy,Saahun ,10,884,7.769487,11.113127,-11.113127,485,Mastomys,Mastomys,Mastomys natalensis,M,Juvenile,7.5,258,118,18,24,NA,NA,NA,NA,TRUE,3
27-Jun-19,Rainy,Saahun ,4,706,7.769487,11.113127,-11.113127,486,Rattus,NA,NA,M,Adult,121.6,375,203,26,35,NA,NA,NA,NA,FALSE,0
27-Jun-19,Rainy,Saahun ,6,809,7.769487,11.113127,-11.113127,487,Crocidura,NA,NA,F,Juvenile,23.2,198,68,60,18,FALSE,NA,NA,FALSE,FALSE,0
27-Jun-19,Rainy,Saahun ,14,856,7.769487,11.113127,-11.113127,488,Rattus,NA,NA,F,Adult,103.7,369,193,23,35,FALSE,NA,NA,FALSE,FALSE,0
27-Jun-19,Rainy,Saahun ,3,868,7.769487,11.113127,-11.113127,489,Rattus,NA,NA,M,Juvenile,17.7,215,110,19,25,NA,NA,NA,NA,FALSE,0
27-Jun-19,Rainy,Saahun ,3,509,7.769487,11.113127,-11.113127,490,Rattus,NA,NA,M,Sub_adult,29.1,291,115,18,24,NA,NA,NA,NA,FALSE,0
27-Jun-19,Rainy,Saahun ,2,1001,7.769487,11.113127,-11.113127,491,Mastomys,NA,NA,F,Juvenile,--,143,64,11,18,FALSE,NA,NA,FALSE,FALSE,0
27-Jun-19,Rainy,Saahun ,13,955,7.769487,11.113127,-11.113127,492,Rattus,NA,NA,F,Adult,44.2,291,148,24,31,FALSE,NA,NA,FALSE,FALSE,0
27-Jun-19,Rainy,Saahun ,13,900,7.769487,11.113127,-11.113127,493,Rattus,NA,NA,M,Adult,68.3,322,167,22,33,NA,NA,NA,NA,FALSE,0
28-Jun-19,Rainy,Saahun ,1,14,7.769487,11.113127,-11.113127,494,Mastomys,NA,NA,F,Juvenile,14.3,171,83,12,18,FALSE,NA,NA,FALSE,FALSE,0
28-Jun-19,Rainy,Saahun ,13,877,7.769487,11.113127,-11.113127,495,Rattus,Rattus,Rattus rattus,M,Sub_adult,28.2,244,141,21,29,NA,NA,NA,NA,FALSE,0
28-Jun-19,Rainy,Saahun ,13,412,7.769487,11.113127,-11.113127,496,Rattus,NA,NA,F,Juvenile,22.4,281,115,21,25,FALSE,NA,NA,FALSE,FALSE,0
28-Jun-19,Rainy,Saahun ,13,869,7.769487,11.113127,-11.113127,497,Rattus,Mastomys,Mastomys natalensis,F,Sub_adult,32,154,92,21,32,FALSE,NA,NA,FALSE,TRUE,3
28-Jun-19,Rainy,Saahun ,14,177,7.769487,11.113127,-11.113127,498,Mastomys,NA,NA,M,Sub_adult,32.1,225,98,18,23,NA,NA,NA,NA,FALSE,0
3-Jul-19,Rainy,Koi,6,882,8.0412,11.0551,-11.0551,499,Mastomys,NA,NA,M,Adult,52.1,248,111,18,24,NA,NA,NA,NA,FALSE,0
3-Jul-19,Rainy,Koi,2,884,8.0412,11.0551,-11.0551,500,Rattus,NA,NA,M,Adult,52,303,154,21,31,NA,NA,NA,NA,FALSE,0
3-Jul-19,Rainy,Koi,1,938,8.0412,11.0551,-11.0551,501,Rattus,NA,NA,F,Adult,108.5,379,201,25,34,FALSE,4,1.5,TRUE,NA,NA
3-Jul-19,Rainy,Koi,11,80,8.0412,11.0551,-11.0551,502,Rattus,NA,NA,M,Adult,52.6,296,148,19,27,NA,NA,NA,NA,FALSE,0
3-Jul-19,Rainy,Koi,10,197,8.0412,11.0551,-11.0551,503,Rattus,NA,NA,M,Sub_adult,31.8,257,135,19,26,NA,NA,NA,NA,FALSE,0
3-Jul-19,Rainy,Koi,16,916,8.0412,11.0551,-11.0551,504,Rattus,NA,NA,M,Adult,44.8,297,157,19,29,NA,NA,NA,NA,FALSE,0
3-Jul-19,Rainy,Koi,2,836,8.0412,11.0551,-11.0551,505,Rattus,NA,NA,M,Adult,110.5,360,188,24,38,NA,NA,NA,NA,FALSE,0
3-Jul-19,Rainy,Koi,23,306,8.0412,11.0551,-11.0551,506,Rattus,NA,NA,F,Sub_adult,35.5,266,128,19,29,FALSE,NA,NA,FALSE,NA,NA
3-Jul-19,Rainy,Koi,27,877,8.0412,11.0551,-11.0551,507,Rattus,NA,NA,M,Adult,55.3,245,15,16,28,NA,NA,NA,NA,FALSE,0
3-Jul-19,Rainy,Koi,6,329,8.0412,11.0551,-11.0551,508,Rattus,NA,NA,F,Sub_adult,32.3,265,133,20,28,FALSE,NA,NA,FALSE,FALSE,0
3-Jul-19,Rainy,Koi,3,78,8.0412,11.0551,-11.0551,509,Mastomys,NA,NA,F,Sub_adult,25.8,222,107,18,24,FALSE,NA,NA,FALSE,FALSE,0
3-Jul-19,Rainy,Koi,17,444,8.0412,11.0551,-11.0551,510,Mastomys,NA,NA,M,Juvenile,19.2,193,92,16,22,NA,NA,NA,NA,FALSE,0
3-Jul-19,Rainy,Koi,10,819,8.0412,11.0551,-11.0551,511,Rattus,NA,NA,F,Sub_adult,29,252,132,20,27,FALSE,NA,NA,FALSE,NA,NA
3-Jul-19,Rainy,Koi,13,412,8.0412,11.0551,-11.0551,512,Mastomys,NA,NA,M,Sub_adult,33,220,105,16,23,NA,NA,NA,NA,FALSE,0
3-Jul-19,Rainy,Koi,6,994,8.0412,11.0551,-11.0551,513,Rattus,NA,NA,F,Sub_adult,33.3,255,130,20,28,FALSE,NA,NA,FALSE,FALSE,0
3-Jul-19,Rainy,Koi,6,20,8.0412,11.0551,-11.0551,514,Rattus,NA,NA,F,Adult,105.9,405,231,26,35,FALSE,NA,NA,FALSE,NA,NA
3-Jul-19,Rainy,Koi,6,3,8.0412,11.0551,-11.0551,515,Rattus,NA,NA,F,Sub_adult,32,265,136,21,27,FALSE,NA,NA,FALSE,FALSE,0
3-Jul-19,Rainy,Koi,13,871,8.0412,11.0551,-11.0551,516,Rattus,NA,NA,M,Adult,49.3,303,161,20,29,NA,NA,NA,NA,FALSE,0
3-Jul-19,Rainy,Koi,20,926,8.0412,11.0551,-11.0551,517,Rattus,NA,NA,M,Adult,63.6,320,173,23,34,NA,NA,NA,NA,FALSE,0
4-Jul-19,Rainy,Koi,23,866,8.0412,11.0551,-11.0551,518,Rattus,NA,NA,F,Sub_adult,35.6,258,133,19,26,FALSE,NA,NA,FALSE,FALSE,0
4-Jul-19,Rainy,Koi,27,305,8.0412,11.0551,-11.0551,519,Rattus,NA,NA,F,Juvenile,23.1,227,117,19,25,FALSE,NA,NA,FALSE,FALSE,0
4-Jul-19,Rainy,Koi,20,265,8.0412,11.0551,-11.0551,520,Rattus,NA,NA,M,Adult,43.4,286,152,19,28,NA,NA,NA,NA,FALSE,0
4-Jul-19,Rainy,Koi,15,503,8.0412,11.0551,-11.0551,521,Rattus,NA,NA,M,Sub_adult,34.9,264,133,19,25,NA,NA,NA,NA,FALSE,0
4-Jul-19,Rainy,Koi,1,967,8.0412,11.0551,-11.0551,522,Rattus,Rattus,Rattus rattus,F,Adult,74.1,327,171,23,30,FALSE,NA,NA,FALSE,FALSE,0
4-Jul-19,Rainy,Koi,20,198,8.0412,11.0551,-11.0551,523,Rattus,NA,NA,F,Sub_adult,34.8,277,146,19,27,FALSE,NA,NA,FALSE,FALSE,0
4-Jul-19,Rainy,Koi,7,1004,8.0412,11.0551,-11.0551,524,Rattus,NA,NA,F,Adult,58.7,341,167,22,33,FALSE,NA,NA,FALSE,FALSE,0
4-Jul-19,Rainy,Koi,6,822,8.0412,11.0551,-11.0551,525,Rattus,NA,NA,M,Adult,82.4,373,185,25,38,NA,NA,NA,NA,NA,NA
4-Jul-19,Rainy,Koi,2,900,8.0412,11.0551,-11.0551,526,Rattus,NA,NA,F,Adult,77,363,183,24,33,FALSE,NA,NA,FALSE,FALSE,0
4-Jul-19,Rainy,Koi,27,512,8.0412,11.0551,-11.0551,527,Rattus,NA,NA,M,Juvenile,7.8,133,61,12,18,NA,NA,NA,NA,FALSE,0
4-Jul-19,Rainy,Koi,15,497,8.0412,11.0551,-11.0551,528,Mastomys,NA,NA,F,Juvenile,24.5,222,105,17,23,FALSE,NA,NA,FALSE,FALSE,0
10-Jul-19,Rainy,Koyama Ngeima,10,7,8.23473,11.18179,-11.18179,529,Hylomyscus,NA,NA,M,Juvenile,16.4,195,103,13,18,NA,NA,NA,NA,FALSE,0
10-Jul-19,Rainy,Koyama Ngeima,1,889,8.23473,11.18179,-11.18179,530,Mastomys,Mastomys,Mastomys natalensis,F,Juvenile,15.6,167,75,15,22,FALSE,NA,NA,FALSE,TRUE,4
10-Jul-19,Rainy,Koyama Ngeima,1,1012,8.23473,11.18179,-11.18179,531,Mastomys,NA,NA,F,Adult,45.7,252,114,18,24,FALSE,NA,NA,FALSE,FALSE,0
10-Jul-19,Rainy,Koyama Ngeima,1,929,8.23473,11.18179,-11.18179,532,Mastomys,Rattus,Rattus rattus,F,Juvenile,12.2,160,75,14,19,FALSE,NA,NA,FALSE,TRUE,2
10-Jul-19,Rainy,Koyama Ngeima,20,138,8.23473,11.18179,-11.18179,533,Rattus,NA,NA,F,Adult,87,372,190,21,32,FALSE,NA,NA,FALSE,FALSE,0
10-Jul-19,Rainy,Koyama Ngeima,8,179,8.23473,11.18179,-11.18179,534,Rattus,NA,NA,F,Sub_adult,30.5,163,131,21,34,FALSE,NA,NA,FALSE,FALSE,0
