Animal_ID,Date,Season,Village,House,Trap,Lat_Convert,Long_Convert(W),Long_Use,Genus_og,Genus_Cytb,Cytb_species,Sex,Age_wt,Weight_g,Length_mm,Tail_mm,Ear_mm,Right_foot_mm,Lactating,Embryos_num,Embryo_length_mm,F_reproduction,Ag_RDT,RDT_Score,U_mL_GP,Positive_GP,U_mL_NP,Positive_NP,IgG_Positive
1,8-Nov-18,Dry,Kptema,29,898,8.27375,11.07435,-11.07435,Rattus,Rattus,Rattus rattus,F,Adult,98.4,365,194,22,33,FALSE,NA,NA,FALSE,FALSE,0,4.102783999,FALSE,NA,FALSE,FALSE
2,8-Nov-18,Dry,Kptema,11,409,8.27375,11.07435,-11.07435,Rattus,Rattus,Rattus rattus,F,Juvenile,16.6,196,97,15,22,FALSE,NA,NA,FALSE,FALSE,0,NA,NA,NA,NA,NA
3,8-Nov-18,Dry,Kptema,6,427,8.27375,11.07435,-11.07435,Rattus,Rattus,Rattus rattus,F,Adult,124.3,370,191,21,34,FALSE,NA,NA,FALSE,FALSE,0,5.051066265,FALSE,NA,FALSE,FALSE
4,8-Nov-18,Dry,Kptema,3,200,8.27375,11.07435,-11.07435,Rattus,Rattus,Rattus rattus,F,Sub_adult,37.9,272,199,23,33,FALSE,NA,NA,FALSE,FALSE,0,39.30301398,TRUE,1.969160378,TRUE,TRUE
5,8-Nov-18,Dry,Kptema,43,1016,8.27375,11.07435,-11.07435,Rattus,NA,NA,F,Adult,62.6,310,155,20,30,FALSE,NA,NA,FALSE,FALSE,0,2.459350827,FALSE,NA,FALSE,FALSE
6,8-Nov-18,Dry,Kptema,11,71,8.27375,11.07435,-11.07435,Rattus,Rattus,Rattus rattus,M,Juvenile,16.8,197,93,16,22,NA,NA,NA,NA,FALSE,0,NA,NA,NA,NA,NA
7,8-Nov-18,Dry,Kptema,8,954,8.27375,11.07435,-11.07435,Rattus,Rattus,Rattus rattus,F,Juvenile,10.8,358,185,23,38,FALSE,3,28,TRUE,TRUE,1,1.1044982,FALSE,NA,FALSE,FALSE
8,8-Nov-18,Dry,Kptema,39,901,8.27375,11.07435,-11.07435,Malacomys,Praomys,Praomys rostratus,M,Sub_adult,26.1,233,114,18,22,NA,NA,NA,NA,TRUE,1,3.465234356,FALSE,4.493654729,FALSE,FALSE
9,8-Nov-18,Dry,Kptema,13,135,8.27375,11.07435,-11.07435,Rattus,NA,NA,M,Juvenile,24.8,231,123,16,25,NA,NA,NA,NA,FALSE,0,NA,FALSE,NA,FALSE,FALSE
10,8-Nov-18,Dry,Kptema,16,606,8.27375,11.07435,-11.07435,Rattus,Rattus,Rattus rattus,F,Juvenile,14.2,300,122,22,31,FALSE,3,15,TRUE,FALSE,0,NA,FALSE,NA,FALSE,FALSE
11,8-Nov-18,Dry,Kptema,13,300,8.27375,11.07435,-11.07435,Rattus,Rattus,Rattus rattus,F,Sub_adult,25.1,234,118,18,24,FALSE,NA,NA,FALSE,FALSE,0,2.254025696,FALSE,NA,FALSE,FALSE
12,8-Nov-18,Dry,Kptema,5,29,8.27375,11.07435,-11.07435,Rattus,Rattus,Rattus rattus,F,Sub_adult,29.1,266,138,19,29,FALSE,NA,NA,FALSE,FALSE,0,NA,FALSE,27.21337357,TRUE,TRUE
13,8-Nov-18,Dry,Kptema,7,927,8.27375,11.07435,-11.07435,Rattus,NA,NA,F,Adult,85.8,348,178,23,38,FALSE,NA,NA,FALSE,FALSE,0,4.006725202,FALSE,NA,FALSE,FALSE
14,8-Nov-18,Dry,Kptema,8,971,8.27375,11.07435,-11.07435,Rattus,NA,NA,M,Adult,66.6,325,177,22,34,NA,NA,NA,NA,FALSE,0,NA,FALSE,NA,FALSE,FALSE
15,8-Nov-18,Dry,Kptema,8,974,8.27375,11.07435,-11.07435,Rattus,Rattus,Rattus rattus,M,Adult,98.8,368,193,21,35,NA,NA,NA,NA,FALSE,0,5.796753428,TRUE,NA,FALSE,TRUE
16,8-Nov-18,Dry,Kptema,9,2,8.27375,11.07435,-11.07435,Rattus,Rattus,Rattus rattus,M,Adult,91.2,305,172,21,31,NA,NA,NA,NA,FALSE,0,NA,FALSE,NA,FALSE,FALSE
17,9-Nov-18,Dry,Kptema,32,932,8.27375,11.07435,-11.07435,Mastomys,Mastomys,Mastomys natalensis,F,Sub_adult,28.7,221,98,16,24,FALSE,NA,NA,FALSE,TRUE,4,12.88341988,FALSE,20.32359484,FALSE,FALSE
18,9-Nov-18,Dry,Kptema,28,802,8.27375,11.07435,-11.07435,Mastomys,Mastomys,Mastomys natalensis,M,Adult,51.5,201,114,17,23,NA,NA,NA,NA,TRUE,4,1036.323668,TRUE,1854.070697,TRUE,TRUE
19,9-Nov-18,Dry,Kptema,31,994,8.27375,11.07435,-11.07435,Mastomys,Mastomys,Mastomys natalensis,M,Sub_adult,30.4,215,96,18,24,NA,NA,NA,NA,TRUE,4,128.4245495,TRUE,807.6331611,TRUE,TRUE
20,9-Nov-18,Dry,Kptema,8,971,8.27375,11.07435,-11.07435,Rattus,Mastomys,Mastomys natalensis,F,Adult,100.5,355,184,24,32,FALSE,NA,NA,FALSE,FALSE,0,NA,FALSE,NA,FALSE,FALSE
21,9-Nov-18,Dry,Kptema,34,904,8.27375,11.07435,-11.07435,Rattus,Rattus,Rattus rattus,M,Juvenile,15.6,193,96,16,24,NA,NA,NA,NA,FALSE,0,2.662465902,FALSE,NA,FALSE,FALSE
22,9-Nov-18,Dry,Kptema,29,898,8.27375,11.07435,-11.07435,Rattus,Rattus,Rattus rattus,M,Sub_adult,27.4,235,121,17,25,NA,NA,NA,NA,FALSE,0,6.350240051,TRUE,NA,FALSE,TRUE
23,9-Nov-18,Dry,Kptema,2,862,8.27375,11.07435,-11.07435,Mastomys,Mastomys,Mastomys natalensis,M,Juvenile,21.8,101,126,12,28,NA,NA,NA,NA,TRUE,5,4.753006052,FALSE,20.32359484,FALSE,FALSE
24,9-Nov-18,Dry,Kptema,34,908,8.27375,11.07435,-11.07435,Rattus,Rattus,Rattus rattus,F,Adult,54.3,301,155,21,28,FALSE,NA,NA,FALSE,FALSE,0,1.329477682,FALSE,NA,FALSE,FALSE
25,9-Nov-18,Dry,Kptema,3,226,8.27375,11.07435,-11.07435,Rattus,Rattus,Rattus rattus,M,Juvenile,21.9,238,123,17,24,NA,NA,NA,NA,FALSE,0,NA,FALSE,NA,FALSE,FALSE
26,9-Nov-18,Dry,Kptema,11,71,8.27375,11.07435,-11.07435,Rattus,Rattus,Rattus rattus,F,Juvenile,16.7,205,104,17,23,FALSE,NA,NA,FALSE,FALSE,0,NA,FALSE,NA,FALSE,FALSE
27,9-Nov-18,Dry,Kptema,15,17,8.27375,11.07435,-11.06648333,Mastomys,Mastomys,Mastomys natalensis,M,Adult,53.2,204,98,17,23,NA,NA,NA,NA,FALSE,0,NA,FALSE,NA,FALSE,FALSE
28,9-Nov-18,Dry,Kptema,43,1019,8.27375,11.07435,-11.08528333,Rattus,Rattus,Rattus rattus,M,Adult,48.8,279,143,22,28,NA,NA,NA,NA,FALSE,0,NA,FALSE,NA,FALSE,FALSE
29,9-Nov-18,Dry,Kptema,22,13,8.27375,11.07435,-11.08528333,Rattus,Rattus,Rattus rattus,M,Adult,119.8,310,184,24,34,NA,NA,NA,NA,FALSE,0,9.487337274,TRUE,NA,FALSE,TRUE
30,10-Nov-18,Dry,Gouma,1,930,8.2869,11.06648333,-11.06648333,Mastomys,Mastomys,Mastomys natalensis,M,Adult,78.4,284,123,18,24,NA,NA,NA,NA,FALSE,0,NA,FALSE,367.2341016,TRUE,TRUE
31,10-Nov-18,Dry,Gouma,15,924,8.2869,11.06648333,-11.06648333,Mastomys,NA,NA,F,Adult,55.5,258,114,18,24,FALSE,7,4,TRUE,FALSE,0,12.614284,FALSE,17.46547079,FALSE,FALSE
32,10-Nov-18,Dry,Gouma,18,437,8.2869,11.06648333,-11.06648333,Praomys,Praomys,Praomys rostratus,F,Adult,42.4,268,134,19,25,FALSE,NA,NA,FALSE,FALSE,0,7.482376715,FALSE,18.18048757,FALSE,FALSE
33,10-Nov-18,Dry,Gouma,1,899,8.2869,11.06648333,-11.06648333,Mastomys,Mastomys,Mastomys natalensis,F,Juvenile,16.7,185,88,15,22,FALSE,NA,NA,FALSE,TRUE,1,NA,NA,NA,NA,NA
34,10-Nov-18,Dry,Gouma,14,862,8.2869,11.06648333,-11.06648333,Rattus,Rattus,Rattus rattus,F,Adult,75.3,304,182,19,24,FALSE,NA,NA,FALSE,FALSE,0,NA,FALSE,NA,FALSE,FALSE
35,10-Nov-18,Dry,Gouma,3,913,8.2869,11.06648333,-11.06648333,Praomys,Praomys,Praomys rostratus,F,Adult,40.3,259,131,19,25,FALSE,NA,NA,FALSE,TRUE,4,NA,NA,NA,NA,NA
36,10-Nov-18,Dry,Gouma,1,808,8.2869,11.06648333,-11.06648333,Mastomys,Mastomys,Mastomys natalensis,M,Juvenile,15.3,169,76,16,21,NA,NA,NA,NA,FALSE,0,NA,NA,NA,NA,NA
37,11-Nov-18,Dry,Gouma,2,958,8.2869,11.06648333,-11.06648333,Rattus,Rattus,Rattus rattus,M,Adult,91.4,305,182,23,33,NA,NA,NA,NA,FALSE,0,NA,FALSE,NA,FALSE,FALSE
38,11-Nov-18,Dry,Gouma,12,915,8.2869,11.06648333,-11.06648333,Praomys,Praomys,Praomys rostratus,F,Adult,47.7,253,145,17,22,FALSE,NA,NA,FALSE,FALSE,0,19.69384135,FALSE,NA,FALSE,FALSE
39,11-Nov-18,Dry,Gouma,9,870,8.2869,11.06648333,-11.06648333,Praomys,Praomys,Praomys rostratus,F,Adult,43.2,279,141,22,23,FALSE,NA,NA,FALSE,FALSE,0,11.44728683,FALSE,NA,FALSE,FALSE
40,11-Nov-18,Dry,Gouma,15,440,8.2869,11.06648333,-11.06648333,Rattus,Rattus,Rattus rattus,F,Sub_adult,33.4,274,141,18,31,FALSE,NA,NA,FALSE,FALSE,0,3.781561564,FALSE,NA,FALSE,FALSE
41,11-Nov-18,Dry,Gouma,1,930,8.2869,11.06648333,-11.06648333,Rattus,Rattus,Rattus rattus,F,Sub_adult,32.7,173,118,16,7,FALSE,NA,NA,FALSE,NA,NA,NA,NA,NA,NA,NA
42,11-Nov-18,Dry,Gouma,15,1019,8.2869,11.06648333,-11.06648333,Mastomys,Mastomys,Mastomys natalensis,M,Juvenile,16.6,171,76,13,22,NA,NA,NA,NA,FALSE,0,NA,NA,NA,NA,NA
43,11-Nov-18,Dry,Gouma,1,883,8.2869,11.06648333,-11.06648333,Mastomys,Mastomys,Mastomys natalensis,F,Adult,42.1,263,114,18,24,FALSE,NA,NA,FALSE,FALSE,0,27.95912155,FALSE,7.884218561,FALSE,FALSE
44,14-Nov-18,Dry,Ngeihun,24,967,8.1748,11.08528333,-11.08528333,Mastomys,Mastomys,Mastomys natalensis,M,Adult,47.5,248,114,17,24,NA,NA,NA,NA,FALSE,0,NA,NA,NA,NA,NA
45,14-Nov-18,Dry,Ngeihun,6,1006,8.1748,11.08528333,-11.08528333,Mastomys,Mastomys,Mastomys natalensis,F,Adult,67.2,258,114,18,25,TRUE,NA,NA,FALSE,FALSE,0,NA,NA,NA,NA,NA
46,14-Nov-18,Dry,Ngeihun,19,328,8.1748,11.08528333,-11.08528333,Hylomyscus,Hylomyscus,Hylomyscus simus,F,Juvenile,22.7,238,133,14,20,FALSE,NA,NA,FALSE,FALSE,0,NA,NA,NA,NA,NA
47,14-Nov-18,Dry,Ngeihun,24,836,8.1748,11.08528333,-11.08528333,Mastomys,NA,NA,F,Adult,44.5,265,118,18,24,FALSE,NA,NA,FALSE,FALSE,0,NA,NA,NA,NA,NA
48,14-Nov-18,Dry,Ngeihun,23,906,8.1748,11.08528333,-11.08528333,Rattus,Rattus,Rattus rattus,M,Adult,67.8,301,31,19,31,NA,NA,NA,NA,FALSE,0,NA,NA,NA,NA,NA
49,14-Nov-18,Dry,Ngeihun,25,989,8.1748,11.08528333,-11.08528333,Mastomys,Mastomys,Mastomys natalensis,F,Adult,51.3,246,114,18,24,FALSE,NA,NA,FALSE,FALSE,0,NA,NA,NA,NA,NA
50,14-Nov-18,Dry,Ngeihun,23,829,8.1748,11.08528333,-11.08528333,Hylomyscus,Hylomyscus,Hylomyscus simus,F,Juvenile,17.3,247,119,14,19,FALSE,3,5,TRUE,FALSE,0,NA,NA,NA,NA,NA
51,15-Nov-18,Dry,Ngeihun,43,503,8.1748,11.08528333,-11.08528333,Mastomys,NA,NA,M,Adult,76.7,278,126,18,24,NA,NA,NA,NA,TRUE,2,11.44728683,FALSE,21.51309126,FALSE,FALSE
52,15-Nov-18,Dry,Ngeihun,23,813,8.1748,11.08528333,-11.08528333,Praomys,Praomys,Praomys rostratus,M,Sub_adult,29.6,254,135,17,25,NA,NA,NA,NA,FALSE,0,NA,NA,NA,NA,NA
53,15-Nov-18,Dry,Ngeihun,43,19,8.1748,11.08528333,-11.08528333,Mastomys,Mastomys,Mastomys natalensis,F,Sub_adult,38.5,233,108,18,24,FALSE,NA,NA,FALSE,FALSE,0,NA,NA,NA,NA,NA
54,15-Nov-18,Dry,Ngeihun,25,154,8.1748,11.08528333,-11.08528333,Mastomys,NA,NA,M,Sub_adult,28.3,231,112,17,24,NA,NA,NA,NA,FALSE,0,NA,NA,NA,NA,NA
55,15-Nov-18,Dry,Ngeihun,24,838,8.1748,11.08528333,-11.08528333,Mastomys,Mastomys,Mastomys natalensis,F,Adult,41.5,255,114,18,24,FALSE,NA,NA,FALSE,TRUE,4,NA,NA,NA,NA,NA
56,15-Nov-18,Dry,Ngeihun,8,194,8.1748,11.08528333,-11.08528333,Rattus,Rattus,Rattus rattus,F,Adult,81.3,303,176,21,32,FALSE,5,4,TRUE,FALSE,0,NA,NA,NA,NA,NA
57,15-Nov-18,Dry,Ngeihun,32,501,8.1748,11.08528333,-11.08528333,Mastomys,Mastomys,Mastomys natalensis,M,Adult,59.1,268,119,18,24,NA,NA,NA,NA,TRUE,3,23.46140537,FALSE,261.027339,TRUE,TRUE
58,15-Nov-18,Dry,Ngeihun,32,405,8.1748,11.08528333,-11.08528333,Mastomys,Mastomys,Mastomys natalensis,F,Sub_adult,28.2,217,101,17,24,FALSE,NA,NA,FALSE,TRUE,2,NA,FALSE,415.4884126,TRUE,TRUE
59,15-Nov-18,Dry,Ngeihun,32,3,8.1748,11.08528333,-11.08528333,Rattus,Rattus,Rattus rattus,F,Adult,42.5,287,147,18,33,FALSE,NA,NA,FALSE,FALSE,0,NA,NA,NA,NA,NA
60,15-Nov-18,Dry,Ngeihun,13,898,8.1748,11.08528333,-11.08528333,Rattus,Rattus,Rattus rattus,F,Adult,82.9,306,189,22,35,FALSE,6,10,TRUE,FALSE,0,NA,NA,NA,NA,NA
61,16-Nov-18,Dry,Ngeihun,32,875,8.1748,11.08528333,-11.08528333,Hylomyscus,Hylomyscus,Hylomyscus simus,F,Juvenile,18.4,203,111,13,17,FALSE,NA,NA,FALSE,FALSE,0,NA,NA,NA,NA,NA
62,16-Nov-18,Dry,Ngeihun,35,1,8.1748,11.08528333,-11.08528333,Rattus,Rattus,Rattus rattus,F,Sub_adult,31.5,263,152,21,31,FALSE,NA,NA,FALSE,FALSE,0,NA,NA,NA,NA,NA
63,16-Nov-18,Dry,Ngeihun,32,948,8.1748,11.08528333,-11.08528333,Mastomys,Mastomys,Mastomys natalensis,M,Adult,50.7,243,109,17,24,NA,NA,NA,NA,TRUE,5,242.5819957,TRUE,1373.98179,TRUE,TRUE
64,16-Nov-18,Dry,Ngeihun,32,3,8.1748,11.08528333,-11.08528333,Rattus,Rattus,Rattus rattus,M,Adult,148.6,308,200,22,34,NA,NA,NA,NA,FALSE,0,2.493349579,FALSE,NA,FALSE,FALSE
65,17-Nov-18,Dry,Ngeihun,36,885,8.1748,11.08528333,-11.08528333,Mastomys,Mastomys,Mastomys natalensis,F,Sub_adult,32.6,235,111,16,24,FALSE,NA,NA,FALSE,TRUE,3,NA,NA,NA,NA,NA
66,29-Nov-18,Dry,Pandembu,6,616,8.21426667,11.06596667,-11.06596667,Mastomys,Mastomys,Mastomys natalensis,F,Adult,49.8,256,113,17,24,FALSE,6,9,TRUE,FALSE,0,12.5245593,FALSE,2.290810266,FALSE,FALSE
67,29-Nov-18,Dry,Pandembu,6,842,8.21426667,11.06596667,-11.06596667,Mastomys,Mastomys,Mastomys natalensis,M,Juvenile,14.5,114,80,16,25,NA,NA,NA,NA,FALSE,0,1.309440171,FALSE,NA,FALSE,FALSE
68,29-Nov-18,Dry,Pandembu,6,195,8.21426667,11.06596667,-11.06596667,Mastomys,Mastomys,Mastomys natalensis,F,Adult,83.9,289,125,18,27,TRUE,4,12,TRUE,FALSE,0,41.30746713,TRUE,244.5941668,TRUE,TRUE
69,29-Nov-18,Dry,Pandembu,6,1006,8.21426667,11.06596667,-11.06596667,Rattus,Rattus,Rattus rattus,M,Adult,100.7,304,174,21,31,NA,NA,NA,NA,FALSE,0,NA,NA,NA,NA,NA
70,29-Nov-18,Dry,Pandembu,6,842,8.21426667,11.06596667,-11.06596667,Mastomys,Mastomys,Mastomys natalensis,F,Juvenile,14.9,175,82,14,23,FALSE,NA,NA,FALSE,FALSE,0,3.557651421,FALSE,NA,FALSE,FALSE
71,29-Nov-18,Dry,Pandembu,1,840,8.21426667,11.06596667,-11.06596667,Rattus,Rattus,Rattus rattus,F,Sub_adult,35.9,264,133,18,29,FALSE,NA,NA,FALSE,FALSE,0,NA,FALSE,NA,FALSE,FALSE
72,29-Nov-18,Dry,Pandembu,14,926,8.21426667,11.06596667,-11.06596667,Rattus,Rattus,Rattus rattus,F,Adult,94.6,305,183,22,34,FALSE,NA,NA,FALSE,FALSE,0,NA,NA,NA,NA,NA
73,29-Nov-18,Dry,Pandembu,14,419,8.21426667,11.06596667,-11.06596667,Rattus,Rattus,Rattus rattus,F,Sub_adult,38.6,258,131,18,28,FALSE,NA,NA,FALSE,FALSE,0,NA,FALSE,NA,FALSE,FALSE
74,29-Nov-18,Dry,Pandembu,6,409,8.21426667,11.06596667,-11.06596667,Mastomys,Mastomys,Mastomys natalensis,F,Juvenile,22.3,184,81,15,21,FALSE,NA,NA,FALSE,FALSE,0,NA,NA,NA,NA,NA
75,30-Nov-18,Dry,Pandembu,6,912,8.21426667,11.06596667,-11.06596667,Mastomys,Mastomys,Mastomys natalensis,F,Adult,47.8,264,123,17,24,FALSE,NA,NA,FALSE,FALSE,0,NA,NA,NA,NA,NA
76,30-Nov-18,Dry,Pandembu,36,826,8.21426667,11.06596667,-11.06596667,Rattus,Rattus,Rattus rattus,M,Sub_adult,28.1,277,148,19,32,NA,NA,NA,NA,FALSE,0,NA,NA,NA,NA,NA
77,30-Nov-18,Dry,Pandembu,May-36,5,8.21426667,11.06596667,-11.06596667,Rattus,Rattus,Rattus rattus,M,Sub_adult,30.1,283,151,21,33,NA,NA,NA,NA,FALSE,0,NA,FALSE,NA,FALSE,FALSE
78,30-Nov-18,Dry,Pandembu,17,20,8.21426667,11.06596667,-11.06596667,Rattus,Rattus,Rattus rattus,M,Adult,50,305,158,22,34,NA,NA,NA,NA,FALSE,0,NA,FALSE,NA,FALSE,FALSE
79,30-Nov-18,Dry,Pandembu,6,405,8.21426667,11.06596667,-11.06596667,Mastomys,Mastomys,Mastomys natalensis,M,Adult,60,274,121,18,25,NA,NA,NA,NA,FALSE,0,22.56366823,FALSE,11.49024835,FALSE,FALSE
80,30-Nov-18,Dry,Pandembu,29,308,8.21426667,11.06596667,-11.06596667,Crocidura,Crocidura,Crocidura olivieri,F,Juvenile,25,189,64,7,16,FALSE,4,3,TRUE,FALSE,0,NA,NA,NA,NA,NA
81,30-Nov-18,Dry,Pandembu,18/36,252,8.21426667,11.06596667,-11.06596667,Rattus,Rattus,Rattus rattus,F,Adult,55,284,148,22,31,FALSE,NA,NA,FALSE,FALSE,0,NA,FALSE,NA,FALSE,FALSE
82,1-Dec-18,Dry,Pandembu,5,930,8.21426667,11.06596667,-11.06596667,Mastomys,Mastomys,Mastomys natalensis,M,Adult,54,258,114,18,24,NA,NA,NA,NA,FALSE,0,NA,NA,NA,NA,NA
83,1-Dec-18,Dry,Pandembu,1,814,8.21426667,11.06596667,-11.06596667,Hylomyscus,Hylomyscus,Hylomyscus simus,M,Sub_adult,27,195,104,13,19,NA,NA,NA,NA,FALSE,0,NA,NA,NA,NA,NA
84,1-Dec-18,Dry,Pandembu,17,946,8.21426667,11.06596667,-11.06596667,Rattus,Rattus,Rattus rattus,M,Sub_adult,30,222,109,18,27,NA,NA,NA,NA,FALSE,0,NA,NA,NA,NA,NA
85,1-Dec-18,Dry,Pandembu,1,856,8.21426667,11.06596667,-11.06596667,Rattus,Rattus,Rattus rattus,F,Adult,80,306,194,25,34,FALSE,NA,NA,FALSE,FALSE,0,NA,NA,NA,NA,NA
86,1-Dec-18,Dry,Pandembu,2,605,8.21426667,11.06596667,-11.06596667,Rattus,Rattus,Rattus rattus,F,Adult,48,298,143,23,31,FALSE,NA,NA,FALSE,FALSE,0,NA,NA,NA,NA,NA
87,1-Dec-18,Dry,Pandembu,18,72,8.21426667,11.06596667,-11.06596667,Rattus,Rattus,Rattus rattus,M,Juvenile,22,253,128,21,31,NA,NA,NA,NA,FALSE,0,NA,NA,NA,NA,NA
88,1-Dec-18,Dry,Pandembu,16,517,8.21426667,11.06596667,-11.06596667,Rattus,Rattus,Rattus rattus,M,Juvenile,20,233,124,18,28,NA,NA,NA,NA,FALSE,0,NA,NA,NA,NA,NA
89,1-Dec-18,Dry,Pandembu,16,869,8.21426667,11.06596667,-11.06596667,Rattus,Rattus,Rattus rattus,F,Sub_adult,30,304,161,23,34,FALSE,NA,NA,FALSE,FALSE,0,NA,NA,NA,NA,NA
90,1-Dec-18,Dry,Pandembu,1,80,8.21426667,11.06596667,-11.06596667,Rattus,Rattus,Rattus rattus,M,Sub_adult,40,301,148,21,31,NA,NA,NA,NA,FALSE,0,NA,NA,NA,NA,NA
91,1-Dec-18,Dry,Pandembu,24,413,8.21426667,11.06596667,-11.06596667,Rattus,Rattus,Rattus rattus,M,Sub_adult,30,266,135,19,28,NA,NA,NA,NA,FALSE,0,NA,NA,NA,NA,NA
92,1-Dec-18,Dry,Pandembu,17,999,8.21426667,11.06596667,-11.06596667,Rattus,Rattus,Rattus rattus,M,Juvenile,16,218,108,19,25,NA,NA,NA,NA,FALSE,0,NA,NA,NA,NA,NA
93,1-Dec-18,Dry,Pandembu,18,864,8.21426667,11.06596667,-11.06596667,Rattus,Rattus,Rattus rattus,F,Sub_adult,28,255,128,19,28,FALSE,NA,NA,FALSE,FALSE,0,NA,NA,NA,NA,NA
94,1-Dec-18,Dry,Pandembu,17,977,8.21426667,11.06596667,-11.06596667,Rattus,Rattus,Rattus rattus,F,Juvenile,15,223,98,18,25,FALSE,NA,NA,FALSE,FALSE,0,NA,NA,NA,NA,NA
95,1-Dec-18,Dry,Pandembu,17,882,8.21426667,11.06596667,-11.06596667,Rattus,Rattus,Rattus rattus,F,Adult,50,305,168,23,32,FALSE,NA,NA,FALSE,FALSE,0,NA,NA,NA,NA,NA
96,1-Dec-18,Dry,Pandembu,24,989,8.21426667,11.06596667,-11.06596667,Rattus,Rattus,Rattus rattus,F,Juvenile,25,259,124,21,29,FALSE,NA,NA,FALSE,FALSE,0,NA,NA,NA,NA,NA
97,2-Dec-18,Dry,Pandembu,6,852,8.21426667,11.06596667,-11.06596667,Rattus,Rattus,Rattus rattus,F,Adult,45,289,145,21,31,FALSE,NA,NA,FALSE,FALSE,0,NA,NA,NA,NA,NA
98,2-Dec-18,Dry,Pandembu,1,839,8.21426667,11.06596667,-11.06596667,Rattus,Rattus,Rattus rattus,F,Adult,75,303,170,23,30,FALSE,4,34,TRUE,FALSE,0,NA,NA,NA,NA,NA
99,2-Dec-18,Dry,Pandembu,1,830,8.21426667,11.06596667,-11.06596667,Dormouse,Graphiurus,Graphiurus kelleni,F,Juvenile,18,160,165,9,15,FALSE,NA,NA,FALSE,FALSE,0,NA,NA,NA,NA,NA
100,2-Dec-18,Dry,Pandembu,7,1008,8.21426667,11.06596667,-11.06596667,Mastomys,Mastomys,Mastomys natalensis,M,Adult,70,292,139,18,24,NA,NA,NA,NA,FALSE,0,NA,NA,NA,NA,NA
101,2-Dec-18,Dry,Pandembu,25,983,8.21426667,11.06596667,-11.06596667,Mastomys,Mastomys,Mastomys natalensis,M,Adult,65,273,120,17,24,NA,NA,NA,NA,TRUE,3,39.11285461,TRUE,NA,FALSE,TRUE
102,2-Dec-18,Dry,Pandembu,24,993,8.21426667,11.06596667,-11.06596667,Rattus,Rattus,Rattus rattus,F,Juvenile,23,244,125,18,29,FALSE,NA,NA,FALSE,FALSE,0,NA,NA,NA,NA,NA
103,5-Dec-18,Dry,Kormolu,26,25,7.99523333,11.08348333,-11.08348333,Mastomys,Mastomys,Mastomys natalensis,M,Juvenile,17,171,75,15,23,NA,NA,NA,NA,FALSE,0,NA,FALSE,342.7608371,TRUE,TRUE
104,5-Dec-18,Dry,Kormolu,27,15,7.99523333,11.08348333,-11.08348333,Mastomys,Mastomys,Mastomys natalensis,F,Sub_adult,40,168,124,18,24,FALSE,NA,NA,FALSE,FALSE,0,19.96273384,FALSE,9.810016391,FALSE,FALSE
105,5-Dec-18,Dry,Kormolu,32,706,7.99523333,11.08348333,-11.08348333,Mastomys,Mastomys,Mastomys natalensis,F,Sub_adult,35,239,99,17,24,TRUE,NA,NA,FALSE,FALSE,0,6.485148015,FALSE,NA,FALSE,FALSE
106,5-Dec-18,Dry,Kormolu,6,918,7.99523333,11.08348333,-11.08348333,Mastomys,Mastomys,Mastomys natalensis,M,Adult,75,289,129,19,26,NA,NA,NA,NA,FALSE,0,15.93090154,FALSE,11.96961879,FALSE,FALSE
107,5-Dec-18,Dry,Kormolu,26,880,7.99523333,11.08348333,-11.08348333,Mastomys,Mastomys,Mastomys natalensis,M,Juvenile,20,179,81,15,23,NA,NA,NA,NA,TRUE,4,5.848623705,FALSE,NA,FALSE,FALSE
108,5-Dec-18,Dry,Kormolu,19,990,7.99523333,11.08348333,-11.08348333,Rattus,Rattus,Rattus rattus,F,Adult,105.5,309,214,28,36,FALSE,7,3,TRUE,FALSE,0,NA,FALSE,NA,FALSE,FALSE
109,5-Dec-18,Dry,Kormolu,1,954,7.99523333,11.08348333,-11.08348333,Mastomys,Mastomys,Mastomys natalensis,F,Sub_adult,39,258,114,16,24,FALSE,NA,NA,FALSE,FALSE,0,15.57253938,FALSE,NA,FALSE,FALSE
110,5-Dec-18,Dry,Kormolu,14,194,7.99523333,11.08348333,-11.08348333,Mastomys,Mastomys,Mastomys natalensis,M,Sub_adult,28,252,113,17,25,NA,NA,NA,NA,FALSE,0,2.161610721,FALSE,3.762167122,FALSE,FALSE
111,5-Dec-18,Dry,Kormolu,12,853,7.99523333,11.08348333,-11.08348333,Rattus,Rattus,Rattus rattus,F,Sub_adult,40,308,173,24,34,FALSE,6,5,TRUE,FALSE,0,NA,FALSE,NA,FALSE,FALSE
112,5-Dec-18,Dry,Kormolu,8,817,7.99523333,11.08348333,-11.08348333,Mastomys,Mastomys,Mastomys natalensis,F,Sub_adult,39,258,106,18,24,FALSE,NA,NA,FALSE,TRUE,3,9.288353487,FALSE,NA,FALSE,FALSE
113,5-Dec-18,Dry,Kormolu,2,947,7.99523333,11.08348333,-11.08348333,Mastomys,Mastomys,Mastomys natalensis,F,Sub_adult,40,447,NA,16,24,TRUE,NA,NA,FALSE,TRUE,4,NA,FALSE,157.3846338,TRUE,TRUE
114,5-Dec-18,Dry,Kormolu,32,935,7.99523333,11.08348333,-11.08348333,Mastomys,Mastomys,Mastomys natalensis,F,Sub_adult,30,224,97,18,24,FALSE,NA,NA,FALSE,FALSE,0,13.06281375,FALSE,4.006253701,FALSE,FALSE
115,5-Dec-18,Dry,Kormolu,33,926,7.99523333,11.08348333,-11.08348333,Praomys,NA,NA,M,Juvenile,18,198,100,18,23,NA,NA,NA,NA,FALSE,0,7.210731251,FALSE,NA,FALSE,FALSE
116,6-Dec-18,Dry,Kormolu,36,804,7.99523333,11.08348333,-11.08348333,Mastomys,NA,NA,F,Sub_adult,28,222,96,18,24,FALSE,6,9,TRUE,FALSE,0,4.386284338,FALSE,NA,FALSE,FALSE
117,6-Dec-18,Dry,Kormolu,30,411,7.99523333,11.08348333,-11.08348333,Mastomys,Mastomys,Mastomys natalensis,F,Juvenile,12,151,69,14,20,FALSE,NA,NA,FALSE,TRUE,1,NA,NA,NA,NA,NA
118,6-Dec-18,Dry,Kormolu,26,838,7.99523333,11.08348333,-11.08348333,Mastomys,Mastomys,Mastomys natalensis,M,Adult,60,274,123,18,24,NA,NA,NA,NA,FALSE,0,21.66641232,FALSE,4.493654729,FALSE,FALSE
119,6-Dec-18,Dry,Kormolu,34,938,7.99523333,11.08348333,-11.08348333,Rattus,Rattus,Rattus rattus,M,Sub_adult,30,289,143,20,32,NA,NA,NA,NA,FALSE,0,NA,FALSE,NA,FALSE,FALSE
120,6-Dec-18,Dry,Kormolu,26,705,7.99523333,11.08348333,-11.08348333,Mastomys,Mastomys,Mastomys natalensis,M,Juvenile,18,183,84,14,23,NA,NA,NA,NA,FALSE,0,NA,NA,NA,NA,NA
121,6-Dec-18,Dry,Kormolu,26,875,7.99523333,11.08348333,-11.08348333,Mastomys,Mastomys,Mastomys natalensis,F,Juvenile,13.6,155,73,14,19,FALSE,NA,NA,FALSE,TRUE,4,NA,NA,NA,NA,NA
122,6-Dec-18,Dry,Kormolu,19,702,7.99523333,11.08348333,-11.08348333,Rattus,Rattus,Rattus rattus,M,Juvenile,25,233,120,18,25,NA,NA,NA,NA,FALSE,0,4.006725202,FALSE,NA,FALSE,FALSE
123,6-Dec-18,Dry,Kormolu,46,975,7.99523333,11.08348333,-11.08348333,Mastomys,Mastomys,Mastomys natalensis,M,Juvenile,22,204,100,18,23,NA,NA,NA,NA,TRUE,5,NA,NA,NA,NA,NA
124,6-Dec-18,Dry,Kormolu,26,14,7.99523333,11.08348333,-11.08348333,Mastomys,Mastomys,Mastomys natalensis,M,Juvenile,15,158,73,18,19,NA,NA,NA,NA,FALSE,0,NA,NA,NA,NA,NA
125,6-Dec-18,Dry,Kormolu,24,304,7.99523333,11.08348333,-11.08348333,Praomys,Praomys,Praomys rostratus,F,Adult,75,294,128,20,23,FALSE,5,24,TRUE,FALSE,0,8.115384869,FALSE,8.366303641,FALSE,FALSE
126,6-Dec-18,Dry,Kormolu,40,818,7.99523333,11.08348333,-11.08348333,Rattus,Rattus,Rattus rattus,F,Sub_adult,27,285,148,20,29,FALSE,NA,NA,FALSE,FALSE,0,2.150442834,FALSE,1.891957332,TRUE,TRUE
127,6-Dec-18,Dry,Kormolu,36,226,7.99523333,11.08348333,-11.08348333,Mastomys,Mastomys,Mastomys natalensis,M,Adult,80,283,122,18,24,NA,NA,NA,NA,FALSE,0,2.442766514,FALSE,NA,FALSE,FALSE
128,6-Dec-18,Dry,Kormolu,14,839,7.99523333,11.08348333,-11.08348333,Mastomys,Mastomys,Mastomys natalensis,F,Adult,75,284,129,18,25,FALSE,NA,NA,FALSE,TRUE,4,10.098792509999999,FALSE,7.642999451,FALSE,FALSE
129,6-Dec-18,Dry,Kormolu,19,925,7.99523333,11.08348333,-11.08348333,Rattus,Rattus,Rattus rattus,M,Sub_adult,26,238,124,19,28,NA,NA,NA,NA,FALSE,0,NA,FALSE,NA,FALSE,FALSE
130,7-Dec-18,Dry,Nyahahun,10,193,7.98911667,11.10415,-11.08485,Rattus,Rattus,Rattus rattus,M,Adult,105,307,190,23,35,NA,NA,NA,NA,FALSE,0,NA,FALSE,NA,FALSE,FALSE
131,7-Dec-18,Dry,Nyahahun,28,481,7.98911667,11.10415,-11.08485,Mastomys,Mastomys,Mastomys natalensis,F,Sub_adult,40,205,111,18,24,TRUE,NA,NA,FALSE,FALSE,0,NA,FALSE,168.2829759,TRUE,TRUE
132,7-Dec-18,Dry,Nyahahun,14,839,7.98911667,11.10415,-11.08485,Rattus,Praomys,Praomys rostratus,F,Adult,45,303,178,24,33,FALSE,3,19,TRUE,FALSE,0,NA,FALSE,NA,FALSE,FALSE
133,7-Dec-18,Dry,Nyahahun,29,3,7.98911667,11.10415,-11.08485,Praomys,Praomys,Praomys rostratus,F,Sub_adult,28,260,124,19,23,FALSE,NA,NA,FALSE,TRUE,2,NA,NA,NA,NA,NA
134,7-Dec-18,Dry,Nyahahun,35,806,7.98911667,11.10415,-11.08485,Mastomys,Mastomys,Mastomys natalensis,F,Sub_adult,30,236,103,18,24,FALSE,NA,NA,FALSE,TRUE,5,33.01929801,TRUE,23.17722417,FALSE,TRUE
135,7-Dec-18,Dry,Nyahahun,32,310,7.98911667,11.10415,-11.08485,Mastomys,Mastomys,Mastomys natalensis,M,Juvenile,24.2,224,101,17,24,NA,NA,NA,NA,FALSE,0,8.969275363,FALSE,8.512676295,FALSE,FALSE
136,7-Dec-18,Dry,Nyahahun,45,7,7.98911667,11.10415,-11.08485,Praomys,Praomys,Praomys rostratus,F,Juvenile,7,269,142,19,25,FALSE,NA,NA,FALSE,FALSE,0,NA,NA,NA,NA,NA
137,8-Dec-18,Dry,Nyahahun,19,986,7.98911667,11.10415,-11.08485,Rattus,Rattus,Rattus rattus,M,Juvenile,22,256,128,18,27,NA,NA,NA,NA,FALSE,0,NA,NA,NA,NA,NA
138,8-Dec-18,Dry,Nyahahun,19,809,7.98911667,11.10415,-11.08485,Rattus,Rattus,Rattus rattus,F,Juvenile,25,220,124,18,24,FALSE,NA,NA,FALSE,FALSE,0,NA,FALSE,NA,FALSE,FALSE
139,8-Dec-18,Dry,Nyahahun,28,4,7.98911667,11.10415,-11.08485,Rattus,Rattus,Rattus rattus,F,Adult,75,331,203,23,32,FALSE,NA,NA,FALSE,FALSE,0,NA,FALSE,NA,FALSE,FALSE
140,8-Dec-18,Dry,Nyahahun,7,911,7.98911667,11.10415,-11.08485,Mastomys,Mastomys,Mastomys natalensis,M,Sub_adult,30,216,93,17,24,NA,NA,NA,NA,FALSE,0,3.307724822,FALSE,2.48344835,FALSE,FALSE
141,8-Dec-18,Dry,Nyahahun,2,983,7.98911667,11.10415,-11.08485,Mastomys,Mastomys,Mastomys natalensis,M,Adult,80,300,126,18,25,NA,NA,NA,NA,FALSE,0,9.374403227,FALSE,6.065957908,FALSE,FALSE
142,8-Dec-18,Dry,Nyahahun,19,878,7.98911667,11.10415,-11.08485,Rattus,Rattus,Rattus rattus,M,Juvenile,18,235,120,19,26,NA,NA,NA,NA,FALSE,0,NA,FALSE,NA,FALSE,FALSE
143,8-Dec-18,Dry,Nyahahun,10,107,7.98911667,11.10415,-11.08485,Rattus,Rattus,Rattus rattus,F,Juvenile,17,207,105,15,28,FALSE,NA,NA,FALSE,FALSE,0,3.813819372,FALSE,NA,FALSE,FALSE
144,8-Dec-18,Dry,Nyahahun,14,178,7.98911667,11.10415,-11.08485,Rattus,Rattus,Rattus rattus,M,Adult,90,354,81,24,22,NA,NA,NA,NA,FALSE,0,1.979486931,FALSE,NA,FALSE,FALSE
145,12-Dec-18,Dry,Kpalu I,27,984,7.90761667,11.08485,-11.08485,Mastomys,Mastomys,Mastomys natalensis,M,Juvenile,12,153,75,12,20,NA,NA,NA,NA,FALSE,0,NA,NA,NA,NA,NA
146,12-Dec-18,Dry,Kpalu I,20,841,7.90761667,11.08485,-11.08485,Rattus,Rattus,Rattus rattus,M,Juvenile,25,286,145,22,30,NA,NA,NA,NA,FALSE,0,1.592505396,FALSE,NA,FALSE,FALSE
147,12-Dec-18,Dry,Kpalu I,27,889,7.90761667,11.08485,-11.08485,Mastomys,Mastomys,Mastomys natalensis,M,Sub_adult,40,248,115,18,24,NA,NA,NA,NA,FALSE,0,2.1397611,FALSE,2.48344835,FALSE,FALSE
148,12-Dec-18,Dry,Kpalu I,44,810,7.90761667,11.08485,-11.08485,Mastomys,Mastomys,Mastomys natalensis,M,Sub_adult,38,234,113,17,24,NA,NA,NA,NA,TRUE,3,5.041544942,FALSE,1.302603673,FALSE,FALSE
149,12-Dec-18,Dry,Kpalu I,3,975,7.90761667,11.08485,-11.08485,Mastomys,Mastomys,Mastomys natalensis,M,Juvenile,15,146,68,12,18,NA,NA,NA,NA,FALSE,0,NA,NA,NA,NA,NA
150,12-Dec-18,Dry,Kpalu I,3,975,7.90761667,11.08485,-11.08485,Mastomys,NA,NA,F,Juvenile,15,144,64,8,18,FALSE,NA,NA,FALSE,TRUE,1,NA,NA,NA,NA,NA
151,12-Dec-18,Dry,Kpalu I,7,7,7.90761667,11.08485,-11.08485,Mastomys,Mastomys,Mastomys natalensis,F,Sub_adult,40,254,117,18,24,FALSE,12,4,TRUE,FALSE,0,3.46441115,FALSE,1.826852138,FALSE,FALSE
152,12-Dec-18,Dry,Kpalu I,45,896,7.90761667,11.08485,-11.08485,Mastomys,Mastomys,Mastomys natalensis,M,Juvenile,16,151,72,17,19,NA,NA,NA,NA,FALSE,0,14.29024986,FALSE,9.173929558,FALSE,FALSE
153,12-Dec-18,Dry,Kpalu I,38,329,7.90761667,11.08485,-11.08485,Mastomys,Mastomys,Mastomys natalensis,F,Adult,70,258,115,19,26,FALSE,8,14,TRUE,FALSE,0,11.41082606,FALSE,8.776378301,FALSE,FALSE
154,12-Dec-18,Dry,Kpalu I,38,329,7.90761667,11.08485,-11.08485,Mastomys,Mastomys,Mastomys natalensis,M,Sub_adult,27,214,98,18,23,NA,NA,NA,NA,FALSE,0,NA,NA,NA,NA,NA
155,12-Dec-18,Dry,Kpalu I,31,897,7.90761667,11.08485,-11.08485,Praomys,Praomys,Praomys rostratus,F,Sub_adult,40,245,123,19,25,FALSE,NA,NA,FALSE,FALSE,0,7.115576664,FALSE,6.8264500869999996,FALSE,FALSE
156,12-Dec-18,Dry,Kpalu I,38,702,7.90761667,11.08485,-11.08485,Mastomys,Mastomys,Mastomys natalensis,M,Juvenile,10,142,62,15,24,NA,NA,NA,NA,TRUE,1,NA,NA,NA,NA,NA
157,12-Dec-18,Dry,Kpalu I,49,403,7.90761667,11.08485,-11.08485,Mastomys,NA,NA,F,Sub_adult,32,248,115,17,24,FALSE,10,0.5,TRUE,FALSE,0,3.5428303,FALSE,3.747270657,FALSE,FALSE
158,12-Dec-18,Dry,Kpalu I,35,808,7.90761667,11.08485,-11.08485,Mastomys,Mastomys,Mastomys natalensis,M,Sub_adult,30,218,99,17,24,NA,NA,NA,NA,TRUE,2,24.90342443,FALSE,10.92271575,FALSE,FALSE
159,12-Dec-18,Dry,Kpalu I,47,704,7.90761667,11.08485,-11.08485,Mastomys,Mastomys,Mastomys natalensis,F,Adult,64,364,124,19,26,TRUE,NA,NA,FALSE,FALSE,0,23.10905955,FALSE,9.041149841,FALSE,FALSE
160,12-Dec-18,Dry,Kpalu I,45,80,7.90761667,11.08485,-11.08485,Mastomys,NA,NA,M,Adult,80,269,118,18,24,NA,NA,NA,NA,FALSE,0,72.3841885,TRUE,7.082560822,FALSE,TRUE
161,12-Dec-18,Dry,Kpalu I,32,869,7.90761667,11.08485,-11.08485,Mastomys,NA,NA,M,Adult,60,269,116,18,24,NA,NA,NA,NA,FALSE,0,26.79379732,FALSE,380.6119051,TRUE,TRUE
162,12-Dec-18,Dry,Kpalu I,13,152,7.90761667,11.08485,-11.08485,Mastomys,NA,NA,F,Adult,55,237,94,18,24,FALSE,NA,NA,FALSE,FALSE,0,143.5819769,TRUE,12.71020194,FALSE,TRUE
163,12-Dec-18,Dry,Kpalu I,27,506,7.90761667,11.08485,-11.08485,Praomys,NA,NA,F,Adult,56,269,143,19,26,FALSE,NA,NA,FALSE,FALSE,0,17.95394026,FALSE,16.24242684,FALSE,FALSE
164,12-Dec-18,Dry,Kpalu I,41,165,7.90761667,11.08485,-11.08485,Praomys,NA,NA,F,Sub_adult,40,263,136,20,26,FALSE,4,5,TRUE,FALSE,0,25.58958839,FALSE,19.58783138,FALSE,FALSE
165,13-Dec-18,Dry,Kpalu I,44,949,7.90761667,11.08485,-11.08485,Mastomys,Mastomys,Mastomys natalensis,F,Adult,75,272,121,18,24,FALSE,NA,NA,FALSE,FALSE,0,55.19585205,TRUE,10.38029197,FALSE,TRUE
166,13-Dec-18,Dry,Kpalu I,32,888,7.90761667,11.08485,-11.08485,Mastomys,Mastomys,Mastomys natalensis,F,Juvenile,17,189,87,15,22,FALSE,NA,NA,FALSE,TRUE,3,NA,NA,NA,NA,NA
167,13-Dec-18,Dry,Kpalu I,41,886,7.90761667,11.08485,-11.08485,Praomys,NA,NA,F,Sub_adult,27,243,128,19,26,FALSE,NA,NA,FALSE,FALSE,0,NA,NA,NA,NA,NA
168,13-Dec-18,Dry,Kpalu I,32,427,7.90761667,11.08485,-11.08485,Mastomys,Mastomys,Mastomys natalensis,F,Sub_adult,40,245,111,18,24,FALSE,NA,NA,FALSE,FALSE,0,6.554811979,FALSE,5.318055129,FALSE,FALSE
169,13-Dec-18,Dry,Kpalu I,44,834,7.90761667,11.08485,-11.08485,Mastomys,Mastomys,Mastomys natalensis,F,Juvenile,17,158,75,15,22,FALSE,NA,NA,FALSE,FALSE,0,NA,NA,NA,NA,NA
170,13-Dec-18,Dry,Kpalu I,21,946,7.90761667,11.08485,-11.08485,Mastomys,Mastomys,Mastomys natalensis,M,Adult,60,258,116,18,24,NA,NA,NA,NA,FALSE,0,5.438462166,FALSE,5.565884665,FALSE,FALSE
171,13-Dec-18,Dry,Kpalu I,42,919,7.90761667,11.08485,-11.08485,Mastomys,Mastomys,Mastomys natalensis,M,Adult,48,263,125,18,25,NA,NA,NA,NA,FALSE,0,10.5941458,FALSE,8.250067614,FALSE,FALSE
172,13-Dec-18,Dry,Kpalu I,3,938,7.90761667,11.08485,-11.08485,Mastomys,Mastomys,Mastomys natalensis,F,Adult,45,241,108,17,24,FALSE,4,3,TRUE,FALSE,0,14.70417406,FALSE,5.940402239,FALSE,FALSE
173,13-Dec-18,Dry,Kpalu I,36,985,7.90761667,11.08485,-11.08485,Mastomys,Mastomys,Mastomys natalensis,F,Adult,70,269,121,18,24,FALSE,NA,NA,FALSE,FALSE,0,11.57449124,FALSE,3.27982139,FALSE,FALSE
174,13-Dec-18,Dry,Kpalu I,35,991,7.90761667,11.08485,-11.08485,Mastomys,Mastomys,Mastomys natalensis,M,Juvenile,25,206,99,16,23,NA,NA,NA,NA,FALSE,0,NA,NA,NA,NA,NA
175,13-Dec-18,Dry,Kpalu I,32,865,7.90761667,11.08485,-11.08485,Mastomys,Mastomys,Mastomys natalensis,F,Sub_adult,40,248,117,18,24,FALSE,NA,NA,FALSE,TRUE,4,949.1373214,TRUE,1438.610898,TRUE,TRUE
176,13-Dec-18,Dry,Kpalu I,43,944,7.90761667,11.08485,-11.08485,Mastomys,Mastomys,Mastomys natalensis,F,Adult,43,244,112,17,24,FALSE,NA,NA,FALSE,FALSE,0,24.90342443,FALSE,11.60587107,FALSE,FALSE
177,13-Dec-18,Dry,Kpalu I,31,959,7.90761667,11.08485,-11.08485,Mastomys,NA,NA,F,Sub_adult,28,205,96,15,23,FALSE,NA,NA,FALSE,FALSE,0,10.18685054,FALSE,NA,FALSE,FALSE
178,13-Dec-18,Dry,Kpalu I,31,469,7.90761667,11.08485,-11.08485,Mastomys,Mastomys,Mastomys natalensis,F,Juvenile,21,177,84,15,23,FALSE,NA,NA,FALSE,FALSE,0,16.03292006,FALSE,NA,FALSE,FALSE
179,13-Dec-18,Dry,Kpalu I,2,44,7.90761667,11.08485,-11.08485,Mastomys,Mastomys,Mastomys natalensis,M,Adult,46,284,113,18,24,NA,NA,NA,NA,TRUE,2,13.29942194,FALSE,5.441780997,FALSE,FALSE
180,13-Dec-18,Dry,Kpalu I,29,884,7.90761667,11.08485,-11.08485,Mastomys,Mastomys,Rattus rattus,M,Sub_adult,27,248,125,23,29,NA,NA,NA,NA,FALSE,0,NA,NA,NA,NA,NA
181,13-Dec-18,Dry,Kpalu I,30,916,7.90761667,11.08485,-11.08485,Mastomys,Mastomys,Mastomys natalensis,F,Adult,67,285,126,18,24,FALSE,NA,NA,FALSE,FALSE,0,NA,NA,NA,NA,NA
182,13-Dec-18,Dry,Kpalu I,29,924,7.90761667,11.08485,-11.08485,Rattus,Rattus,Rattus rattus,M,Sub_adult,32,259,130,18,29,NA,NA,NA,NA,FALSE,0,NA,FALSE,NA,FALSE,FALSE
183,13-Dec-18,Dry,Kpalu I,36,952,7.90761667,11.08485,-11.08485,Rattus,Rattus,Rattus rattus,M,Sub_adult,27,263,138,19,29,NA,NA,NA,NA,FALSE,0,NA,FALSE,NA,FALSE,FALSE
184,13-Dec-18,Dry,Kpalu I,30,1018,7.90761667,11.08485,-11.08485,Mastomys,Mastomys,Mastomys natalensis,M,Adult,75,279,128,18,25,NA,NA,NA,NA,FALSE,0,10.43114313,FALSE,6.698873438,FALSE,FALSE
185,13-Dec-18,Dry,Kpalu I,38,850,7.90761667,11.08485,-11.08485,Mastomys,Mastomys,Mastomys natalensis,M,Sub_adult,29,219,105,17,24,NA,NA,NA,NA,TRUE,1,10.349684,FALSE,8.908631822,FALSE,FALSE
186,13-Dec-18,Dry,Kpalu I,29,157,7.90761667,11.08485,-11.08485,Rattus,Rattus,Rattus rattus,M,Adult,45,300,175,20,30,NA,NA,NA,NA,FALSE,0,NA,FALSE,NA,FALSE,FALSE
187,14-Dec-18,Dry,Kpalu I,30,328,7.90761667,11.08485,-11.08485,Mastomys,Mastomys,Mastomys natalensis,F,Sub_adult,28,252,118,18,24,FALSE,NA,NA,FALSE,FALSE,0,NA,NA,NA,NA,NA
188,14-Dec-18,Dry,Kpalu I,46,4,7.90761667,11.08485,-11.08485,Mastomys,Mastomys,Mastomys natalensis,F,Sub_adult,40,265,124,18,24,FALSE,NA,NA,FALSE,FALSE,0,4.724728691,FALSE,6.318111674,FALSE,FALSE
189,14-Dec-18,Dry,Kpalu I,7,854,7.90761667,11.08485,-11.08485,Mastomys,Mastomys,Mastomys natalensis,F,Adult,50,268,125,18,24,FALSE,NA,NA,FALSE,FALSE,0,20.73210298,FALSE,11.60587107,FALSE,FALSE
190,14-Dec-18,Dry,Kpalu I,7,923,7.90761667,11.08485,-11.08485,Mastomys,Mastomys,Mastomys natalensis,M,Adult,55,269,126,18,24,NA,NA,NA,NA,FALSE,0,19.38193387,FALSE,9.440263212,FALSE,FALSE
191,14-Dec-18,Dry,Kpalu I,36,965,7.90761667,11.08485,-11.08485,Rattus,Rattus,Rattus rattus,M,Sub_adult,35,284,150,23,29,NA,NA,NA,NA,FALSE,0,NA,FALSE,NA,FALSE,FALSE
192,14-Dec-18,Dry,Kpalu I,48,936,7.90761667,11.08485,-11.08485,Mastomys,Mastomys,Mastomys natalensis,M,Adult,60,260,141,18,24,NA,NA,NA,NA,FALSE,0,8.888339146,FALSE,6.444699617,FALSE,FALSE
193,14-Dec-18,Dry,Kpalu I,3,918,7.90761667,11.08485,-11.08485,Rattus,Rattus,Rattus rattus,M,Sub_adult,27,208,154,20,31,NA,NA,NA,NA,FALSE,0,NA,FALSE,NA,FALSE,FALSE
194,14-Dec-18,Dry,Kpalu I,2,3,7.90761667,11.08485,-11.08485,Rattus,Rattus,Rattus rattus,M,Sub_adult,37,296,167,20,31,NA,NA,NA,NA,FALSE,0,NA,FALSE,NA,FALSE,FALSE
195,14-Dec-18,Dry,Kpalu I,20,890,7.90761667,11.08485,-11.08485,Rattus,Rattus,Rattus rattus,M,Juvenile,18,206,108,19,25,NA,NA,NA,NA,FALSE,0,1.640343181,FALSE,NA,FALSE,FALSE
196,14-Dec-18,Dry,Kpalu I,38,201,7.90761667,11.08485,-11.08485,Mastomys,Mastomys,Mastomys natalensis,F,Juvenile,22,204,96,17,24,FALSE,NA,NA,FALSE,FALSE,0,7.356407354,FALSE,3.395897989,FALSE,FALSE
197,14-Dec-18,Dry,Kpalu I,42,73,7.90761667,11.08485,-11.08485,Mastomys,Mastomys,Mastomys natalensis,F,Juvenile,12,186,59,9,18,FALSE,NA,NA,FALSE,TRUE,1,NA,NA,NA,NA,NA
198,14-Dec-18,Dry,Kpalu I,42,73,7.90761667,11.08485,-11.08485,Mastomys,Mastomys,Mastomys natalensis,M,Juvenile,13,135,61,9,17,NA,NA,NA,NA,FALSE,0,NA,NA,NA,NA,NA
199,14-Dec-18,Dry,Kpalu I,42,73,7.90761667,11.08485,-11.08485,Mastomys,Mastomys,Mastomys natalensis,F,Juvenile,13,140,64,10,17,FALSE,NA,NA,FALSE,FALSE,0,NA,NA,NA,NA,NA
200,14-Dec-18,Dry,Kpalu I,24,252,7.90761667,11.08485,-11.08485,Mastomys,Mastomys,Mastomys natalensis,F,Adult,58,270,124,18,24,FALSE,NA,NA,FALSE,FALSE,0,7.115576664,FALSE,7.339920247,FALSE,FALSE
201,14-Dec-18,Dry,Kpalu I,50,408,7.90761667,11.08485,-11.08485,Rattus,Rattus,Rattus rattus,F,Sub_adult,40,300,178,21,32,FALSE,3,9,TRUE,FALSE,0,2.102326748,FALSE,NA,FALSE,FALSE
202,14-Dec-18,Dry,Kpalu I,32,961,7.90761667,11.08485,-11.08485,Mastomys,Mastomys,Mastomys natalensis,F,Sub_adult,35,229,101,17,23,FALSE,4,8,TRUE,TRUE,4,24.4752973,FALSE,6.318111674,FALSE,FALSE
203,14-Dec-18,Dry,Kpalu I,43,974,7.90761667,11.08485,-11.08485,Rattus,Rattus,Rattus rattus,F,Adult,80,305,188,23,33,FALSE,NA,NA,FALSE,FALSE,0,1.308971323,FALSE,NA,FALSE,FALSE
204,15-Dec-18,Dry,Kpalu I,16,429,7.90761667,11.08485,-11.08485,Rattus,Rattus,Rattus rattus,F,Adult,90,309,205,25,34,FALSE,NA,NA,FALSE,FALSE,0,NA,FALSE,NA,FALSE,FALSE
205,15-Dec-18,Dry,Kpalu I,2,838,7.90761667,11.08485,-11.08485,Praomys,Praomys,Praomys rostratus,F,Sub_adult,39,295,156,19,25,FALSE,NA,NA,FALSE,FALSE,0,11.7382648,FALSE,8.119181035,FALSE,FALSE
206,15-Dec-18,Dry,Kpalu I,14,288,7.90761667,11.08485,-11.08485,Rattus,Rattus,Rattus rattus,F,Sub_adult,36,298,169,20,29,FALSE,NA,NA,FALSE,FALSE,0,NA,NA,NA,NA,NA
207,15-Dec-18,Dry,Kpalu I,3,918,7.90761667,11.08485,-11.08485,Mastomys,Mastomys,Mastomys natalensis,M,Adult,50,268,119,18,24,NA,NA,NA,NA,FALSE,0,NA,NA,NA,NA,NA
208,15-Dec-18,Dry,Kpalu I,42,820,7.90761667,11.08485,-11.08485,Mastomys,Mastomys,Mastomys natalensis,M,Juvenile,13,125,55,12,17,NA,NA,NA,NA,FALSE,0,NA,NA,NA,NA,NA
209,15-Dec-18,Dry,Kpalu I,28,309,7.90761667,11.08485,-11.08485,Mastomys,Mastomys,Mastomys natalensis,F,Sub_adult,40,261,115,18,23,FALSE,14,8,TRUE,FALSE,0,11.1787435,FALSE,3.377425389,FALSE,FALSE
210,15-Dec-18,Dry,Kpalu I,1,972,7.90761667,11.08485,-11.08485,Mastomys,Mastomys,Mastomys natalensis,F,Sub_adult,26,199,95,18,23,FALSE,NA,NA,FALSE,TRUE,5,13.62928843,FALSE,8.381233755,FALSE,FALSE
211,15-Dec-18,Dry,Kpalu I,28,982,7.90761667,11.08485,-11.08485,Mastomys,Mastomys,Mastomys natalensis,M,Sub_adult,40,239,101,18,24,NA,NA,NA,NA,FALSE,0,19.71891844,FALSE,10.38029197,FALSE,FALSE
212,15-Dec-18,Dry,Kpalu I,35,1001,7.90761667,11.08485,-11.08485,Mastomys,Mastomys,Mastomys natalensis,F,Juvenile,9,139,67,12,18,FALSE,NA,NA,FALSE,FALSE,0,NA,NA,NA,NA,NA
213,15-Dec-18,Dry,Kpalu I,36,860,7.90761667,11.08485,-11.08485,Mastomys,Mastomys,Mastomys natalensis,M,Sub_adult,40,262,114,17,23,NA,NA,NA,NA,TRUE,3,10.55243224,FALSE,13.71287116,FALSE,FALSE
214,19-Dec-18,Dry,Maleh,14,993,7.898208,11.046249,-11.046249,Mastomys,Mastomys,Mastomys natalensis,M,Sub_adult,36,237,108,17,23,NA,NA,NA,NA,TRUE,4,NA,FALSE,NA,FALSE,FALSE
215,19-Dec-18,Dry,Maleh,18,882,7.898208,11.046249,-11.046249,Mastomys,NA,NA,M,Juvenile,14,123,57,9,18,NA,NA,NA,NA,FALSE,0,NA,NA,NA,NA,NA
216,19-Dec-18,Dry,Maleh,18,882,7.898208,11.046249,-11.046249,Mastomys,NA,NA,M,Juvenile,14,125,57,8,19,NA,NA,NA,NA,FALSE,0,NA,NA,NA,NA,NA
217,19-Dec-18,Dry,Maleh,11,304,7.898208,11.046249,-11.046249,Hylomyscus,NA,NA,M,Juvenile,25,223,128,16,18,NA,NA,NA,NA,FALSE,0,NA,FALSE,NA,FALSE,FALSE
218,19-Dec-18,Dry,Maleh,14,883,7.898208,11.046249,-11.046249,Rattus,NA,NA,M,Sub_adult,27,247,134,19,25,NA,NA,NA,NA,FALSE,0,NA,FALSE,NA,FALSE,FALSE
219,19-Dec-18,Dry,Maleh,23,412,7.898208,11.046249,-11.046249,Mastomys,NA,NA,F,Adult,50,259,116,18,24,FALSE,9,18,TRUE,FALSE,0,6.362472396,FALSE,7.974399594,FALSE,FALSE
220,19-Dec-18,Dry,Maleh,14,1010,7.898208,11.046249,-11.046249,Mastomys,Mastomys,Mastomys natalensis,M,Sub_adult,26,222,103,18,24,NA,NA,NA,NA,TRUE,5,NA,FALSE,NA,FALSE,FALSE
221,19-Dec-18,Dry,Maleh,16,467,7.898208,11.046249,-11.046249,Mastomys,NA,NA,M,Sub_adult,30,213,98,17,24,NA,NA,NA,NA,FALSE,0,4.528817713,FALSE,NA,FALSE,FALSE
222,10-Jan-19,Dry,Mano-Ngeiya,3,15,8.0876,11.09935,-11.09935,Mastomys,NA,NA,M,Juvenile,15,175,134,16,18,NA,NA,NA,NA,FALSE,0,NA,NA,NA,NA,NA
223,10-Jan-19,Dry,Mano-Ngeiya,10,884,8.0876,11.09935,-11.09935,Rattus,NA,NA,M,Sub_adult,38,208,110,24,35,NA,NA,NA,NA,FALSE,0,NA,FALSE,NA,FALSE,FALSE
224,10-Jan-19,Dry,Mano-Ngeiya,12,937,8.0876,11.09935,-11.09935,Praomys,NA,NA,M,Juvenile,20,80,40,8,10,NA,NA,NA,NA,FALSE,0,NA,FALSE,NA,FALSE,FALSE
225,10-Jan-19,Dry,Mano-Ngeiya,27,507,8.0876,11.09935,-11.09935,Mastomys,NA,NA,M,Adult,50,90.5,45.2,18,24,NA,NA,NA,NA,FALSE,0,13.46299535,FALSE,NA,FALSE,FALSE
226,10-Jan-19,Dry,Mano-Ngeiya,6,200,8.0876,11.09935,-11.09935,Rattus,NA,NA,M,Juvenile,16,100,51,17,35,NA,NA,NA,NA,FALSE,0,NA,NA,NA,NA,NA
227,10-Jan-19,Dry,Mano-Ngeiya,15,981,8.0876,11.09935,-11.09935,Mastomys,NA,NA,M,Juvenile,16,160,35,15,24,NA,NA,NA,NA,FALSE,0,NA,NA,NA,NA,NA
228,10-Jan-19,Dry,Mano-Ngeiya,6,820,8.0876,11.09935,-11.09935,Mastomys,NA,NA,M,Juvenile,20,81,40,17,24,NA,NA,NA,NA,FALSE,0,NA,NA,NA,NA,NA
229,10-Jan-19,Dry,Mano-Ngeiya,27,406,8.0876,11.09935,-11.09935,Mastomys,Mastomys,Mastomys natalensis,F,Adult,80.1,31,16,18,24,FALSE,NA,NA,FALSE,TRUE,1,NA,NA,NA,NA,NA
230,10-Jan-19,Dry,Mano-Ngeiya,26,440,8.0876,11.09935,-11.09935,Mastomys,NA,NA,M,Adult,50,81,46,18,24,NA,NA,NA,NA,FALSE,0,NA,NA,NA,NA,NA
231,10-Jan-19,Dry,Mano-Ngeiya,24,955,8.0876,11.09935,-11.09935,Mastomys,NA,NA,F,Adult,65,230,110,18,24,FALSE,NA,NA,FALSE,FALSE,0,NA,NA,NA,NA,NA
232,10-Jan-19,Dry,Mano-Ngeiya,9,600,8.0876,11.09935,-11.09935,Mastomys,NA,NA,M,Adult,45,120,91,18,23,NA,NA,NA,NA,FALSE,0,NA,NA,NA,NA,NA
233,10-Jan-19,Dry,Mano-Ngeiya,13,14,8.0876,11.09935,-11.09935,Mastomys,NA,NA,M,Juvenile,20,150,70,11,31,NA,NA,NA,NA,FALSE,0,NA,NA,NA,NA,NA
234,10-Jan-19,Dry,Mano-Ngeiya,11,3,8.0876,11.09935,-11.09935,Mastomys,Mastomys,Mastomys erythroleucus,M,Juvenile,20,141,50,17,21,NA,NA,NA,NA,FALSE,0,NA,NA,NA,NA,NA
235,10-Jan-19,Dry,Mano-Ngeiya,17,938,8.0876,11.09935,-11.09935,Mastomys,NA,NA,M,Sub_adult,40,181,131,18,24,NA,NA,NA,NA,FALSE,0,NA,NA,NA,NA,NA
236,15-Jan-19,Dry,Largo,12,59,8.05131,11.10525,-11.10525,Mastomys,NA,NA,F,Sub_adult,40,257,120,17,24,FALSE,NA,NA,FALSE,FALSE,0,NA,FALSE,NA,FALSE,FALSE
237,15-Jan-19,Dry,Largo,16,437,8.05131,11.10525,-11.10525,Mastomys,NA,NA,F,Sub_adult,38,270,122,18,24,FALSE,NA,NA,FALSE,FALSE,0,NA,FALSE,NA,FALSE,FALSE
238,15-Jan-19,Dry,Largo,26,465,8.05131,11.10525,-11.10525,Mastomys,NA,NA,M,Sub_adult,35,244,106,18,24,NA,NA,NA,NA,FALSE,0,NA,FALSE,NA,FALSE,FALSE
239,15-Jan-19,Dry,Largo,16,197,8.05131,11.10525,-11.10525,Mastomys,NA,NA,M,Adult,52,286,126,18,24,NA,NA,NA,NA,TRUE,3,24.86012522,FALSE,1160.854561,TRUE,TRUE
240,15-Jan-19,Dry,Largo,22,912,8.05131,11.10525,-11.10525,Mastomys,Mastomys,Mastomys natalensis,F,Juvenile,25,189,92,15,22,FALSE,NA,NA,FALSE,FALSE,0,NA,FALSE,NA,FALSE,FALSE
241,15-Jan-19,Dry,Largo,16,428,8.05131,11.10525,-11.10525,Mastomys,NA,NA,F,Sub_adult,27.2,246,117,18,25,FALSE,NA,NA,FALSE,FALSE,0,NA,FALSE,NA,FALSE,FALSE
242,15-Jan-19,Dry,Largo,16,977,8.05131,11.10525,-11.10525,Mastomys,NA,NA,M,Sub_adult,30,260,119,18,24,NA,NA,NA,NA,FALSE,0,NA,FALSE,NA,FALSE,FALSE
243,15-Jan-19,Dry,Largo,22,903,8.05131,11.10525,-11.10525,Mastomys,NA,NA,M,Adult,70,290,134,18,24,NA,NA,NA,NA,FALSE,0,NA,FALSE,NA,FALSE,FALSE
244,15-Jan-19,Dry,Largo,15,854,8.05131,11.10525,-11.10525,Mastomys,NA,NA,F,Juvenile,20,209,92,17,23,FALSE,NA,NA,FALSE,FALSE,0,NA,FALSE,NA,FALSE,FALSE
245,15-Jan-19,Dry,Largo,16,406,8.05131,11.10525,-11.10525,Mastomys,Mastomys,Mastomys natalensis,F,Adult,77,279,123,18,24,FALSE,NA,NA,FALSE,TRUE,1,10.16773073,FALSE,211.669366,TRUE,TRUE
246,15-Jan-19,Dry,Largo,31,288,8.05131,11.10525,-11.10525,Rattus,NA,NA,F,Adult,80,384,210,25,34,FALSE,NA,NA,FALSE,FALSE,0,NA,NA,NA,NA,NA
247,15-Jan-19,Dry,Largo,31,329,8.05131,11.10525,-11.10525,Rattus,NA,NA,F,Adult,80,399,113,23,34,FALSE,NA,NA,FALSE,FALSE,0,NA,FALSE,NA,FALSE,FALSE
248,15-Jan-19,Dry,Largo,29,898,8.05131,11.10525,-11.10525,Mastomys,NA,NA,F,Juvenile,18,193,68,8,18,FALSE,2,4,TRUE,FALSE,0,NA,FALSE,NA,FALSE,FALSE
249,15-Jan-19,Dry,Largo,26,11,8.05131,11.10525,-11.10525,Crocidura,NA,NA,M,Sub_adult,36.4,240,109,18,24,NA,NA,NA,NA,FALSE,0,NA,NA,NA,NA,NA
250,16-Jan-19,Dry,Largo,Jun-31,506,8.05131,11.10525,-11.10525,Rattus,NA,NA,F,Adult,80,357,114,25,35,FALSE,NA,NA,FALSE,FALSE,0,NA,NA,NA,NA,NA
251,16-Jan-19,Dry,Largo,9,996,8.05131,11.10525,-11.10525,Rattus,NA,NA,M,Sub_adult,26,234,122,18,27,NA,NA,NA,NA,FALSE,0,NA,NA,NA,NA,NA
252,16-Jan-19,Dry,Largo,31,1020,8.05131,11.10525,-11.10525,Rattus,NA,NA,M,Adult,49,318,159,23,35,NA,NA,NA,NA,FALSE,0,2.627267264,FALSE,NA,FALSE,FALSE
253,16-Jan-19,Dry,Largo,7,902,8.05131,11.10525,-11.10525,Mastomys,NA,NA,F,Sub_adult,26.2,209,95,15,23,FALSE,NA,NA,FALSE,FALSE,0,NA,FALSE,NA,FALSE,FALSE
254,16-Jan-19,Dry,Largo,10,870,8.05131,11.10525,-11.10525,Mastomys,NA,NA,M,Sub_adult,30.2,248,114,18,25,NA,NA,NA,NA,FALSE,0,NA,FALSE,NA,FALSE,FALSE
255,16-Jan-19,Dry,Largo,31,85,8.05131,11.10525,-11.10525,Rattus,NA,NA,F,Adult,56,318,163,23,35,FALSE,NA,NA,FALSE,FALSE,0,2.201214044,FALSE,2.256137066,TRUE,TRUE
256,16-Jan-19,Dry,Largo,17,12,8.05131,11.10525,-11.10525,Mastomys,NA,NA,F,Juvenile,24.2,205,93,17,24,FALSE,NA,NA,FALSE,FALSE,0,NA,NA,NA,NA,NA
257,16-Jan-19,Dry,Largo,16,844,8.05131,11.10525,-11.10525,Mastomys,NA,NA,F,Sub_adult,25.3,205,101,18,23,FALSE,NA,NA,FALSE,FALSE,0,NA,FALSE,NA,FALSE,FALSE
258,16-Jan-19,Dry,Largo,7,427,8.05131,11.10525,-11.10525,Rattus,NA,NA,M,Sub_adult,35,255,135,19,25,NA,NA,NA,NA,FALSE,0,2.126997971,FALSE,NA,FALSE,FALSE
259,16-Jan-19,Dry,Largo,15,73,8.05131,11.10525,-11.10525,Mastomys,Mastomys,Mastomys natalensis,M,Sub_adult,39,283,119,17,24,NA,NA,NA,NA,TRUE,4,5.621033221,FALSE,94.32261354,TRUE,TRUE
260,16-Jan-19,Dry,Largo,16,993,8.05131,11.10525,-11.10525,Mastomys,NA,NA,M,Juvenile,23.8,239,109,17,24,NA,NA,NA,NA,FALSE,0,NA,FALSE,NA,FALSE,FALSE
261,16-Jan-19,Dry,Largo,17,330,8.05131,11.10525,-11.10525,Mastomys,Mastomys,Mastomys natalensis,F,Sub_adult,26.3,205,94,17,23,FALSE,NA,NA,FALSE,FALSE,0,NA,FALSE,NA,FALSE,FALSE
262,16-Jan-19,Dry,Largo,26,831,8.05131,11.10525,-11.10525,Mastomys,NA,NA,F,Sub_adult,30.5,240,105,17,23,FALSE,NA,NA,FALSE,FALSE,0,2.413120003,FALSE,16.08427518,FALSE,FALSE
263,16-Jan-19,Dry,Largo,1,882,8.05131,11.10525,-11.10525,Mastomys,NA,NA,F,Sub_adult,26.6,221,98,15,23,FALSE,NA,NA,FALSE,FALSE,0,NA,FALSE,NA,FALSE,FALSE
264,25-Jan-19,Dry,Largo,2,924,8.05131,11.10525,-11.10525,Mastomys,NA,NA,M,Juvenile,25,195,90,15,21,NA,NA,NA,NA,FALSE,0,NA,FALSE,NA,FALSE,FALSE
265,25-Jan-19,Dry,Largo,2,924,8.05131,11.10525,-11.10525,Mastomys,NA,NA,M,Sub_adult,26,202,92,15,23,NA,NA,NA,NA,FALSE,0,1.766809274,FALSE,NA,FALSE,FALSE
266,25-Jan-19,Dry,Largo,2,832,8.05131,11.10525,-11.10525,Mastomys,NA,NA,F,Sub_adult,40,254,114,18,24,FALSE,NA,NA,FALSE,FALSE,0,11.0300318,FALSE,NA,FALSE,FALSE
267,25-Jan-19,Dry,Largo,10,936,8.05131,11.10525,-11.10525,Rattus,NA,NA,F,Sub_adult,35.4,274,134,21,31,FALSE,NA,NA,FALSE,FALSE,0,1.077680239,FALSE,NA,FALSE,FALSE
268,25-Jan-19,Dry,Largo,2,941,8.05131,11.10525,-11.10525,Mastomys,NA,NA,F,Sub_adult,27.5,225,98,16,23,FALSE,5,0.2,TRUE,FALSE,0,NA,FALSE,NA,FALSE,FALSE
269,25-Jan-19,Dry,Largo,2,411,8.05131,11.10525,-11.10525,Mastomys,NA,NA,F,Sub_adult,26.8,221,96,17,23,FALSE,NA,NA,FALSE,FALSE,0,NA,FALSE,NA,FALSE,FALSE
270,25-Jan-19,Dry,Largo,10,841,8.05131,11.10525,-11.10525,Rattus,NA,NA,F,Adult,58.9,348,183,23,31,FALSE,NA,NA,FALSE,FALSE,0,NA,FALSE,NA,FALSE,FALSE
271,25-Jan-19,Dry,Largo,8,942,8.05131,11.10525,-11.10525,Mastomys,Mastomys,Mastomys natalensis,F,Juvenile,24.3,233,94,14,22,FALSE,NA,NA,FALSE,TRUE,3,NA,FALSE,NA,FALSE,FALSE
272,26-Jan-19,Dry,Largo,16,428,8.05131,11.10525,-11.10525,Mastomys,NA,NA,F,Adult,55,269,116,18,24,FALSE,NA,NA,FALSE,FALSE,0,18.14041807,FALSE,40.75266917,FALSE,FALSE
273,26-Jan-19,Dry,Largo,7,810,8.05131,11.10525,-11.10525,Rattus,NA,NA,M,Juvenile,22.2,232,129,17,22,NA,NA,NA,NA,FALSE,0,NA,NA,NA,NA,NA
274,26-Jan-19,Dry,Largo,2,100,8.05131,11.10525,-11.10525,Mastomys,NA,NA,F,Juvenile,18,172,78,12,22,FALSE,NA,NA,FALSE,FALSE,0,NA,NA,NA,NA,NA
275,26-Jan-19,Dry,Largo,2,158,8.05131,11.10525,-11.10525,Mastomys,NA,NA,F,Juvenile,20.1,198,88,16,23,FALSE,NA,NA,FALSE,FALSE,0,NA,FALSE,NA,FALSE,FALSE
276,30-Jan-19,Dry,Panguma (vaama),4,946,8.18606667,11.12898,-11.12898,Mastomys,Mastomys,Mastomys natalensis,M,Adult,52.2,252,116,18,24,NA,NA,NA,NA,TRUE,4,NA,FALSE,NA,FALSE,FALSE
277,30-Jan-19,Dry,Panguma (vaama),15,892,8.18606667,11.12898,-11.12898,Mastomys,Mastomys,Mastomys natalensis,M,Adult,60.5,266,121,18,25,NA,NA,NA,NA,TRUE,2,1.069390165,FALSE,NA,FALSE,FALSE
278,30-Jan-19,Dry,Panguma (vaama),18,154,8.18606667,11.12898,-11.12898,Mastomys,Mastomys,Mastomys natalensis,F,Adult,40.5,264,115,18,24,TRUE,NA,NA,FALSE,TRUE,3,1529.023791,TRUE,1623.734926,TRUE,TRUE
279,30-Jan-19,Dry,Panguma (vaama),19,288,8.18606667,11.12898,-11.12898,Mastomys,Mastomys,Mastomys natalensis,F,Sub_adult,38.8,246,106,18,24,FALSE,9,3,TRUE,TRUE,5,378.4494466,TRUE,53.84141281,TRUE,TRUE
280,30-Jan-19,Dry,Panguma (vaama),10,403,8.18606667,11.12898,-11.12898,Mastomys,NA,NA,M,Sub_adult,25.6,213,101,17,23,NA,NA,NA,NA,FALSE,0,NA,FALSE,NA,FALSE,FALSE
281,30-Jan-19,Dry,Panguma (vaama),28,888,8.18606667,11.12898,-11.12898,Rattus,NA,NA,M,Sub_adult,35,255,132,21,27,NA,NA,NA,NA,FALSE,0,NA,FALSE,NA,FALSE,FALSE
282,30-Jan-19,Dry,Panguma (vaama),28,672,8.18606667,11.12898,-11.12898,Rattus,NA,NA,F,Juvenile,22.5,259,134,21,29,FALSE,NA,NA,FALSE,FALSE,0,NA,FALSE,NA,FALSE,FALSE
283,30-Jan-19,Dry,Panguma (vaama),28,826,8.18606667,11.12898,-11.12898,Rattus,NA,NA,M,Sub_adult,27.5,258,130,20,29,NA,NA,NA,NA,FALSE,0,NA,FALSE,NA,FALSE,FALSE
284,30-Jan-19,Dry,Panguma (vaama),15,65,8.18606667,11.12898,-11.12898,Mastomys,NA,NA,F,Juvenile,25,180,83,14,23,FALSE,NA,NA,FALSE,FALSE,0,NA,FALSE,NA,FALSE,FALSE
285,30-Jan-19,Dry,Panguma (vaama),19,912,8.18606667,11.12898,-11.12898,Mastomys,NA,NA,M,Juvenile,23.2,222,105,12,23,NA,NA,NA,NA,FALSE,0,7.632716522,FALSE,9.48752783,FALSE,FALSE
286,30-Jan-19,Dry,Panguma (vaama),28,977,8.18606667,11.12898,-11.12898,Rattus,NA,NA,F,Sub_adult,26.2,284,102,17,25,FALSE,NA,NA,FALSE,FALSE,0,1.009271301,FALSE,NA,FALSE,FALSE
287,31-Jan-19,Dry,Panguma (vaama),19,903,8.18606667,11.12898,-11.12898,Mastomys,Mastomys,Mastomys natalensis,F,Sub_adult,27.5,207,92,17,23,FALSE,NA,NA,FALSE,TRUE,4,NA,FALSE,4.968331076,FALSE,FALSE
288,31-Jan-19,Dry,Panguma (vaama),28,846,8.18606667,11.12898,-11.12898,Rattus,NA,NA,M,Sub_adult,25.5,254,129,20,29,NA,NA,NA,NA,FALSE,0,2.325569422,FALSE,NA,FALSE,FALSE
289,31-Jan-19,Dry,Panguma (vaama),15,931,8.18606667,11.12898,-11.12898,Mastomys,NA,NA,M,Adult,40.5,257,112,18,24,NA,NA,NA,NA,FALSE,0,1.700406218,FALSE,9.239962783,FALSE,FALSE
290,31-Jan-19,Dry,Panguma (vaama),24,853,8.18606667,11.12898,-11.12898,Crocidura,NA,NA,M,Sub_adult,30.2,202,66,7,19,NA,NA,NA,NA,FALSE,0,NA,NA,NA,NA,NA
291,31-Jan-19,Dry,Panguma (vaama),10,1013,8.18606667,11.12898,-11.12898,Mastomys,NA,NA,F,Juvenile,22.3,198,95,17,23,FALSE,NA,NA,FALSE,FALSE,0,NA,FALSE,NA,FALSE,FALSE
292,31-Jan-19,Dry,Panguma (vaama),11,170,8.18606667,11.12898,-11.12898,Mastomys,NA,NA,M,Adult,70.5,295,129,19,25,NA,NA,NA,NA,FALSE,0,NA,FALSE,NA,FALSE,FALSE
293,31-Jan-19,Dry,Panguma (vaama),2,600,8.18606667,11.12898,-11.12898,Mastomys,NA,NA,M,Adult,60.5,268,118,18,24,NA,NA,NA,NA,FALSE,0,NA,FALSE,5.096195814,FALSE,FALSE
294,31-Jan-19,Dry,Panguma (vaama),15,885,8.18606667,11.12898,-11.12898,Mastomys,NA,NA,M,Juvenile,22.5,199,90,17,23,NA,NA,NA,NA,FALSE,0,NA,FALSE,5.223884344,FALSE,FALSE
295,31-Jan-19,Dry,Panguma (vaama),15,928,8.18606667,11.12898,-11.12898,Rattus,NA,NA,F,Juvenile,24.4,251,118,20,27,FALSE,NA,NA,FALSE,FALSE,0,NA,NA,NA,NA,NA
296,1-Feb-19,Dry,Panguma (vaama),18,193,8.18606667,11.12898,-11.12898,Mastomys,Mastomys,Mastomys natalensis,M,Juvenile,15.3,175,80,16,20,NA,NA,NA,NA,FALSE,0,21.7504616,FALSE,67.80578457,TRUE,TRUE
297,1-Feb-19,Dry,Panguma (vaama),28,887,8.18606667,11.12898,-11.12898,Mastomys,Mastomys,Mastomys natalensis,F,Sub_adult,26.4,250,101,20,16,FALSE,NA,NA,FALSE,TRUE,5,NA,NA,NA,NA,NA
298,1-Feb-19,Dry,Panguma (vaama),28,988,8.18606667,11.12898,-11.12898,Mastomys,NA,NA,F,Sub_adult,29.4,210,95,17,34,FALSE,NA,NA,FALSE,FALSE,0,10.37763875,FALSE,12.6808684,FALSE,FALSE
299,1-Feb-19,Dry,Panguma (vaama),17,107,8.18606667,11.12898,-11.12898,Rattus,NA,NA,F,Sub_adult,32.8,379,179,21,17,FALSE,NA,NA,FALSE,FALSE,0,5.516102086,TRUE,NA,FALSE,TRUE
300,1-Feb-19,Dry,Panguma (vaama),14,992,8.18606667,11.12898,-11.12898,Mastomys,Mastomys,Mastomys natalensis,M,Adult,60.1,282,123,18,24,NA,NA,NA,NA,TRUE,1,2.318932482,FALSE,NA,FALSE,FALSE
301,1-Feb-19,Dry,Panguma (vaama),19,805,8.18606667,11.12898,-11.12898,Mastomys,Mastomys,Mastomys natalensis,M,Sub_adult,40,255,109,18,24,NA,NA,NA,NA,TRUE,2,355.8433578,TRUE,1252.450635,TRUE,TRUE
302,1-Feb-19,Dry,Panguma (vaama),18,971,8.18606667,11.12898,-11.12898,Mastomys,Mastomys,Mastomys natalensis,M,Sub_adult,34.7,224,119,17,24,NA,NA,NA,NA,TRUE,2,3.478745773,FALSE,4.067824365,FALSE,FALSE
303,1-Feb-19,Dry,Panguma (vaama),19,854,8.18606667,11.12898,-11.12898,Mastomys,Mastomys,Mastomys natalensis,M,Sub_adult,38.4,283,112,18,24,NA,NA,NA,NA,TRUE,3,3.895302964,FALSE,5.351402015,FALSE,FALSE
304,13-Feb-19,Dry,Tongola,7,888,8.21101667,11.0509,-11.0509,Mastomys,NA,NA,M,Juvenile,23.5,231,113,18,24,NA,NA,NA,NA,TRUE,5,NA,NA,NA,NA,NA
305,13-Feb-19,Dry,Tongola,5,898,8.21101667,11.0509,-11.0509,Mastomys,NA,NA,F,Sub_adult,35.7,248,120,18,24,FALSE,NA,NA,FALSE,FALSE,0,2.909114457,FALSE,8.992072808,FALSE,FALSE
306,13-Feb-19,Dry,Tongola,1,1000,8.21101667,11.0509,-11.0509,Mastomys,NA,NA,M,Adult,70.5,262,123,18,24,NA,NA,NA,NA,FALSE,0,NA,NA,NA,NA,NA
307,13-Feb-19,Dry,Tongola,5,958,8.21101667,11.0509,-11.0509,Mastomys,NA,NA,F,Adult,41.3,213,113,18,24,FALSE,NA,NA,FALSE,TRUE,4,5.494053348,FALSE,3.808563817,FALSE,FALSE
308,13-Feb-19,Dry,Tongola,5,939,8.21101667,11.0509,-11.0509,Mastomys,Mastomys,Mastomys natalensis,F,Adult,49,255,120,17,23,FALSE,NA,NA,FALSE,FALSE,0,6.7662045,FALSE,NA,FALSE,FALSE
309,13-Feb-19,Dry,Tongola,1,962,8.21101667,11.0509,-11.0509,Mastomys,NA,NA,F,Juvenile,13.2,275,85,18,24,FALSE,NA,NA,FALSE,FALSE,0,NA,NA,NA,NA,NA
310,13-Feb-19,Dry,Tongola,25,408,8.21101667,11.0509,-11.0509,Mastomys,NA,NA,M,Sub_adult,27.5,175,94,16,22,NA,NA,NA,NA,FALSE,0,NA,FALSE,4.067824365,FALSE,FALSE
311,13-Feb-19,Dry,Tongola,5,504,8.21101667,11.0509,-11.0509,Mastomys,Mastomys,Mastomys natalensis,F,Sub_adult,35.5,22,103,18,29,FALSE,NA,NA,FALSE,TRUE,3,NA,NA,NA,NA,NA
312,13-Feb-19,Dry,Tongola,5,1016,8.21101667,11.0509,-11.0509,Mastomys,Mastomys,Mastomys natalensis,M,Sub_adult,27.5,223,68,18,24,NA,NA,NA,NA,TRUE,5,NA,FALSE,NA,FALSE,FALSE
313,13-Feb-19,Dry,Tongola,31,155,8.21101667,11.0509,-11.0509,Crocidura,NA,NA,M,Sub_adult,36.5,205,123,9,18,NA,NA,NA,NA,FALSE,0,NA,NA,NA,NA,NA
314,23-Feb-19,Dry,Tongola,26,107,8.21101667,11.0509,-11.0509,Mastomys,Mastomys,Mastomys natalensis,F,Juvenile,20,261,91,18,24,FALSE,NA,NA,FALSE,TRUE,4,NA,FALSE,NA,FALSE,FALSE
315,14-Feb-19,Dry,Tongola,5,889,8.21101667,11.0509,-11.0509,Mastomys,NA,NA,F,Sub_adult,35,183,111,16,22,FALSE,NA,NA,FALSE,FALSE,0,NA,NA,NA,NA,NA
316,14-Feb-19,Dry,Tongola,26,990,8.21101667,11.0509,-11.0509,Mastomys,NA,NA,F,Juvenile,17.5,243,93,18,24,FALSE,NA,NA,FALSE,TRUE,5,NA,NA,NA,NA,NA
317,14-Feb-19,Dry,Tongola,25,1013,8.21101667,11.0509,-11.0509,Mastomys,NA,NA,F,Juvenile,18.9,191,81,15,23,FALSE,NA,NA,FALSE,FALSE,0,NA,NA,NA,NA,NA
318,14-Feb-19,Dry,Tongola,25,12,8.21101667,11.0509,-11.0509,Mastomys,NA,NA,M,Sub_adult,28.5,188,103,16,24,NA,NA,NA,NA,FALSE,0,NA,NA,NA,NA,NA
319,14-Feb-19,Dry,Tongola,1,109,8.21101667,11.0509,-11.0509,Mastomys,NA,NA,M,Juvenile,10,224,64,18,23,NA,NA,NA,NA,FALSE,0,NA,NA,NA,NA,NA
320,15-Feb-19,Dry,Tongola,5,949,8.21101667,11.0509,-11.0509,Mastomys,NA,NA,F,Sub_adult,32,143,107,14,19,FALSE,NA,NA,FALSE,FALSE,0,NA,NA,NA,NA,NA
321,15-Feb-19,Dry,Tongola,7,974,8.21101667,11.0509,-11.0509,Mastomys,NA,NA,F,Sub_adult,40,230,119,18,24,FALSE,NA,NA,FALSE,TRUE,2,NA,NA,NA,NA,NA
322,15-Feb-19,Dry,Tongola,34,811,8.21101667,11.0509,-11.0509,Crocidura,NA,NA,F,Sub_adult,30.8,271,102,10,24,FALSE,NA,NA,FALSE,FALSE,0,NA,NA,NA,NA,NA
323,15-Feb-19,Dry,Tongola,19,328,8.21101667,11.0509,-11.0509,Mastomys,NA,NA,M,Juvenile,25,229,101,10,24,NA,NA,NA,NA,TRUE,2,NA,NA,NA,NA,NA
324,22-Feb-19,Dry,Kamboma,25,467,8.12856667,11.1136,-11.1136,Mastomys,Mastomys,Mastomys natalensis,F,Sub_adult,35.5,240,109,18,24,FALSE,NA,NA,FALSE,FALSE,0,NA,FALSE,NA,FALSE,FALSE
325,22-Feb-19,Dry,Kamboma,27,951,8.12856667,11.1136,-11.1136,Mastomys,Mastomys,Rattus rattus,M,Sub_adult,25.5,261,124,19,28,NA,NA,NA,NA,FALSE,0,NA,NA,NA,NA,NA
326,22-Feb-19,Dry,Kamboma,41,853,8.12856667,11.1136,-11.1136,Mastomys,Mastomys,Mastomys natalensis,M,Adult,60,264,115,18,24,NA,NA,NA,NA,FALSE,0,NA,FALSE,NA,FALSE,FALSE
327,22-Feb-19,Dry,Kamboma,34,877,8.12856667,11.1136,-11.1136,Mastomys,Mastomys,Mastomys natalensis,F,Sub_adult,38.8,246,109,17,23,TRUE,NA,NA,FALSE,TRUE,4,NA,FALSE,4.840284482,FALSE,FALSE
328,22-Feb-19,Dry,Kamboma,8,912,8.12856667,11.1136,-11.1136,Mastomys,Mastomys,Mastomys natalensis,F,Sub_adult,40,262,117,18,24,FALSE,NA,NA,FALSE,TRUE,2,16.43234812,FALSE,6.113187028,FALSE,FALSE
329,22-Feb-19,Dry,Kamboma,34,411,8.12856667,11.1136,-11.1136,Mastomys,Mastomys,Mastomys natalensis,F,Sub_adult,27.8,259,120,18,24,FALSE,NA,NA,FALSE,TRUE,5,18.90455528,FALSE,NA,FALSE,FALSE
330,22-Feb-19,Dry,Kamboma,32,854,8.12856667,11.1136,-11.1136,Mastomys,Mastomys,Mastomys natalensis,F,Juvenile,17.1,178,84,14,22,FALSE,NA,NA,FALSE,TRUE,1,NA,FALSE,5.8598618,FALSE,FALSE
331,22-Feb-19,Dry,Kamboma,31,977,8.12856667,11.1136,-11.1136,Mastomys,Mastomys,Mastomys natalensis,F,Juvenile,19.5,181,80,15,22,FALSE,NA,NA,FALSE,FALSE,0,NA,FALSE,4.583621458,FALSE,FALSE
332,22-Feb-19,Dry,Kamboma,26,904,8.12856667,11.1136,-11.1136,Mastomys,Rattus,Rattus rattus,M,Sub_adult,25.5,240,112,18,24,NA,NA,NA,NA,TRUE,3,NA,FALSE,2.495078703,FALSE,FALSE
333,22-Feb-19,Dry,Kamboma,2,993,8.12856667,11.1136,-11.1136,Rattus,Rattus,Rattus rattus,F,Sub_adult,30.5,318,164,23,31,FALSE,NA,NA,FALSE,TRUE,4,NA,FALSE,NA,FALSE,FALSE
334,22-Feb-19,Dry,Kamboma,4,4,8.12856667,11.1136,-11.1136,Crocidura,Crocidura,Crocidura olivieri,M,Juvenile,15.9,183,65,17,19,NA,NA,NA,NA,NA,NA,NA,NA,NA,NA,NA
335,28-Feb-19,Dry,Pujehun,18,877,8.15158,11.09198,-11.09198,Rattus,NA,NA,M,Sub_adult,25.5,295,147,21,33,NA,NA,NA,NA,FALSE,0,1.497315657,FALSE,NA,FALSE,FALSE
336,28-Feb-19,Dry,Pujehun,2,862,8.15158,11.09198,-11.09198,Rattus,NA,NA,M,Adult,56.5,349,179,23,34,NA,NA,NA,NA,FALSE,0,4.250641609,FALSE,NA,FALSE,FALSE
337,28-Feb-19,Dry,Pujehun,19,894,8.15158,11.09198,-11.09198,Rattus,NA,NA,M,Sub_adult,26.5,289,145,21,30,NA,NA,NA,NA,FALSE,0,1.355794099,FALSE,NA,FALSE,FALSE
338,28-Feb-19,Dry,Pujehun,14,846,8.15158,11.09198,-11.09198,Rattus,NA,NA,F,Sub_adult,30,294,139,20,29,FALSE,NA,NA,FALSE,FALSE,0,NA,NA,NA,NA,NA
339,28-Feb-19,Dry,Pujehun,33,967,8.15158,11.09198,-11.09198,Crocidura,Crocidura,Crocidura olivieri,F,Juvenile,17.3,188,55,7,16,FALSE,NA,NA,FALSE,FALSE,0,NA,NA,NA,NA,NA
340,28-Feb-18,Dry,Pujehun,4,503,8.15158,11.09198,-11.09198,Rattus,NA,NA,F,Juvenile,20.1,225,113,18,28,FALSE,NA,NA,FALSE,FALSE,0,1.332360206,FALSE,NA,FALSE,FALSE
341,28-Feb-19,Dry,Pujehun,4,809,8.15158,11.09198,-11.09198,Rattus,NA,NA,M,Adult,50.9,338,170,24,34,NA,NA,NA,NA,NA,NA,NA,NA,NA,NA,NA
342,1-Mar-19,Dry,Pujehun,5,306,8.15158,11.09198,-11.09198,Mastomys,Mastomys,Mastomys natalensis,F,Adult,40.5,264,113,18,24,FALSE,NA,NA,FALSE,TRUE,4,15.23110758,FALSE,3.938314977,FALSE,FALSE
343,1-Mar-19,Dry,Pujehun,4,804,8.15158,11.09198,-11.09198,Rattus,NA,NA,M,Juvenile,22.3,235,114,19,25,NA,NA,NA,NA,FALSE,0,NA,FALSE,NA,FALSE,FALSE
344,1-Mar-19,Dry,Pujehun,5,109,8.15158,11.09198,-11.09198,Rattus,NA,NA,M,Adult,58.8,350,172,23,33,NA,NA,NA,NA,FALSE,0,1.521051401,FALSE,NA,FALSE,FALSE
345,1-Mar-19,Dry,Pujehun,9,1012,8.15158,11.09198,-11.09198,Rattus,NA,NA,M,Sub_adult,30.5,318,163,23,34,NA,NA,NA,NA,FALSE,0,NA,FALSE,NA,FALSE,FALSE
346,1-Mar-19,Dry,Pujehun,5,5,8.15158,11.09198,-11.09198,Rattus,NA,NA,M,Sub_adult,38.5,340,180,23,34,NA,NA,NA,NA,FALSE,0,NA,FALSE,NA,FALSE,FALSE
347,27-Mar-19,Dry,Bowohun,15,405,8.10533,11.2127,-11.2127,Mastomys,NA,NA,M,Adult,43.8,244,116,17,24,NA,NA,NA,NA,TRUE,1,1.208922312,FALSE,1.687886223,FALSE,FALSE
348,27-Mar-19,Dry,Bowohun,15,926,8.10533,11.2127,-11.2127,Mastomys,NA,NA,F,Adult,52.4,247,114,18,24,TRUE,4,1.9,TRUE,TRUE,3,NA,FALSE,NA,FALSE,FALSE
349,27-Mar-19,Dry,Bowohun,6,199,8.10533,11.2127,-11.2127,Rattus,NA,NA,F,Sub_adult,29.6,259,135,19,29,FALSE,NA,NA,FALSE,FALSE,0,NA,FALSE,NA,FALSE,FALSE
350,27-Mar-19,Dry,Bowohun,15,931,8.10533,11.2127,-11.2127,Rattus,NA,NA,M,Juvenile,7.1,124,60,12,18,NA,NA,NA,NA,FALSE,0,NA,NA,NA,NA,NA
351,27-Mar-19,Dry,Bowohun,28,11,8.10533,11.2127,-11.2127,Rattus,NA,NA,F,Sub_adult,25.6,249,129,19,29,FALSE,NA,NA,FALSE,FALSE,0,NA,FALSE,NA,FALSE,FALSE
352,28-Mar-19,Dry,Bowohun,14,956,8.10533,11.2127,-11.2127,Mastomys,NA,NA,M,Adult,64,260,115,18,24,NA,NA,NA,NA,FALSE,0,NA,FALSE,NA,FALSE,FALSE
353,28-Mar-19,Dry,Bowohun,15,522,8.10533,11.2127,-11.2127,Mastomys,Mastomys,Mastomys natalensis,F,Adult,47.9,223,89,17,23,TRUE,NA,NA,FALSE,TRUE,4,6.389183595,FALSE,3.286929076,FALSE,FALSE
354,28-Mar-19,Dry,Bowohun,15,804,8.10533,11.2127,-11.2127,Mastomys,NA,NA,M,Juvenile,8.2,132,63,14,19,NA,NA,NA,NA,FALSE,0,NA,NA,NA,NA,NA
355,28-Mar-19,Dry,Bowohun,23,138,8.10533,11.2127,-11.2127,Rattus,NA,NA,M,Adult,108.5,306,181,24,35,NA,NA,NA,NA,FALSE,0,NA,FALSE,NA,FALSE,FALSE
356,28-Mar-19,Dry,Bowohun,15,841,8.10533,11.2127,-11.2127,Rattus,NA,NA,F,Adult,61.9,302,158,22,32,FALSE,NA,NA,FALSE,FALSE,0,NA,FALSE,NA,FALSE,FALSE
357,28-Mar-19,Dry,Bowohun,18,898,8.10533,11.2127,-11.2127,Rattus,NA,NA,M,Sub_adult,33.4,271,141,20,39,NA,NA,NA,NA,FALSE,0,NA,FALSE,NA,FALSE,FALSE
358,28-Mar-19,Dry,Bowohun,18,504,8.10533,11.2127,-11.2127,Rattus,NA,NA,M,Sub_adult,29.5,272,142,18,30,NA,NA,NA,NA,FALSE,0,NA,FALSE,NA,FALSE,FALSE
359,28-Mar-19,Dry,Bowohun,7,45,8.10533,11.2127,-11.2127,Rattus,NA,NA,F,Adult,54.1,318,169,20,33,FALSE,NA,NA,FALSE,FALSE,0,NA,FALSE,NA,FALSE,FALSE
360,2-Apr-19,Dry,Saleima,1,912,8.122449,11.193644,-11.193644,Mastomys,Mastomys,Mastomys natalensis,M,Adult,68.4,270,118,18,24,NA,NA,NA,NA,TRUE,5,NA,FALSE,NA,FALSE,FALSE
361,2-Apr-19,Dry,Saleima,1,12,8.122449,11.193644,-11.193644,Mastomys,Mastomys,Mastomys natalensis,F,Adult,60.6,249,11.4,18,24,FALSE,NA,NA,FALSE,TRUE,5,13.45781174,FALSE,864.9597405,TRUE,TRUE
362,2-Apr-19,Dry,Saleima,3,972,8.122449,11.193644,-11.193644,Mastomys,Mastomys,Mastomys natalensis,F,Juvenile,20,280,109,18,24,FALSE,NA,NA,FALSE,TRUE,4,6.149685637,FALSE,4.399895338,FALSE,FALSE
363,2-Apr-19,Dry,Saleima,3,600,8.122449,11.193644,-11.193644,Mastomys,NA,NA,F,Sub_adult,27.1,234,109,18,35,FALSE,NA,NA,FALSE,FALSE,0,NA,FALSE,NA,FALSE,FALSE
364,2-Apr-19,Dry,Saleima,5,198,8.122449,11.193644,-11.193644,Rattus,NA,NA,M,Juvenile,21.6,123,118,24,32,NA,NA,NA,NA,FALSE,0,NA,FALSE,NA,FALSE,FALSE
365,2-Apr-19,Dry,Saleima,7,804,8.122449,11.193644,-11.193644,Mastomys,NA,NA,M,Juvenile,20.6,278,115,18,24,NA,NA,NA,NA,FALSE,0,5.895095459,FALSE,NA,FALSE,FALSE
366,2-Apr-19,Dry,Saleima,8,708,8.122449,11.193644,-11.193644,Mastomys,NA,NA,F,Adult,68.6,340,175,18,24,FALSE,NA,NA,FALSE,FALSE,0,NA,NA,NA,NA,NA
367,2-Apr-19,Dry,Saleima,10,907,8.122449,11.193644,-11.193644,Rattus,NA,NA,F,Adult,73.4,339,175,23,31,FALSE,NA,NA,FALSE,FALSE,0,NA,NA,NA,NA,NA
368,2-Apr-19,Dry,Saleima,11,406,8.122449,11.193644,-11.193644,Mastomys,Mastomys,Mastomys natalensis,M,Sub_adult,32.2,322,94,18,24,NA,NA,NA,NA,TRUE,3,NA,NA,NA,NA,NA
369,3-Apr-19,Dry,Saleima,1,806,8.122449,11.193644,-11.193644,Rattus,NA,NA,F,Adult,75.1,301,179,22,32,FALSE,NA,NA,FALSE,FALSE,0,NA,FALSE,NA,FALSE,FALSE
370,3-Apr-19,Dry,Saleima,7,865,8.122449,11.193644,-11.193644,Mastomys,Mastomys,Mastomys natalensis,F,Sub_adult,33.8,225,101,17,22,FALSE,NA,NA,FALSE,TRUE,1,28.97266128,TRUE,1093.476155,TRUE,TRUE
371,3-Apr-19,Dry,Saleima,7,417,8.122449,11.193644,-11.193644,Rattus,Rattus,Rattus rattus,F,Adult,56.1,321,166,21,32,FALSE,NA,NA,FALSE,FALSE,0,NA,FALSE,NA,FALSE,FALSE
372,3-Apr-19,Dry,Saleima,11/15?,193,8.122449,11.193644,-11.193644,Rattus,NA,NA,F,Adult,65.9,369,178,22,31,FALSE,NA,NA,FALSE,FALSE,0,NA,FALSE,NA,FALSE,FALSE
373,10-Apr-19,Dry,Joru,11,912,7.69242,11.05632,-11.05632,Mastomys,NA,NA,M,Adult,56.6,239,103,18,24,NA,NA,NA,NA,FALSE,0,NA,FALSE,NA,FALSE,FALSE
374,10-Apr-19,Dry,Joru,8,706,7.69242,11.05632,-11.05632,Rattus,NA,NA,F,Adult,112.9,287,155,2.4,31,FALSE,NA,NA,FALSE,FALSE,0,NA,FALSE,NA,FALSE,FALSE
375,10-Apr-19,Dry,Joru,13,198,7.69242,11.05632,-11.05632,Mastomys,NA,NA,F,Sub_adult,27.1,223,101,17,23,FALSE,NA,NA,FALSE,FALSE,0,NA,FALSE,NA,FALSE,FALSE
376,10-Apr-19,Dry,Joru,10,841,7.69242,11.05632,-11.05632,Praomys,NA,NA,F,Adult,59,282,139,21,25,FALSE,NA,NA,FALSE,NA,NA,NA,NA,NA,NA,NA
377,10-Apr-19,Dry,Joru,22,845,7.69242,11.05632,-11.05632,Rattus,NA,NA,M,Adult,71.9,331,169,21,32,NA,NA,NA,NA,NA,NA,NA,NA,NA,NA,NA
378,10-Apr-19,Dry,Joru,23,882,7.69242,11.05632,-11.05632,Rattus,NA,NA,F,Adult,103.5,341,188,23,32,FALSE,NA,NA,FALSE,FALSE,0,NA,FALSE,NA,FALSE,FALSE
379,10-Apr-19,Dry,Joru,6,945,7.69242,11.05632,-11.05632,Mastomys,NA,NA,F,Juvenile,22.4,193,85,18,21,FALSE,NA,NA,FALSE,FALSE,0,NA,FALSE,NA,FALSE,FALSE
380,10-Apr-19,Dry,Joru,22,865,7.69242,11.05632,-11.05632,Mastomys,NA,NA,M,Adult,58.3,250,109,18,24,NA,NA,NA,NA,TRUE,5,NA,FALSE,NA,FALSE,FALSE
381,11-Apr-19,Dry,Joru,27,841,7.69242,11.05632,-11.05632,Rattus,NA,NA,M,Adult,48.1,291,148,21,28,NA,NA,NA,NA,FALSE,0,NA,FALSE,NA,FALSE,FALSE
382,11-Apr-19,Dry,Joru,4,153,7.69242,11.05632,-11.05632,Praomys,NA,NA,F,Sub_adult,26.6,203,99,18,25,FALSE,NA,NA,FALSE,FALSE,0,NA,FALSE,2.967552952,FALSE,FALSE
383,11-Apr-19,Dry,Joru,16,330,7.69242,11.05632,-11.05632,Mastomys,NA,NA,M,Adult,81.4,224,118,17,24,NA,NA,NA,NA,FALSE,0,NA,NA,NA,NA,NA
384,11-Apr-19,Dry,Joru,29,109,7.69242,11.05632,-11.05632,Rattus,NA,NA,M,Adult,123.4,354,184,24,32,NA,NA,NA,NA,FALSE,0,NA,FALSE,NA,FALSE,FALSE
385,11-Apr-19,Dry,Joru,27,856,7.69242,11.05632,-11.05632,Rattus,NA,NA,F,Sub_adult,27,249,29,23,33,FALSE,NA,NA,FALSE,FALSE,0,NA,FALSE,NA,FALSE,FALSE
386,11-Apr-19,Dry,Joru,17,32/1002?,7.69242,11.05632,-11.05632,Rattus,NA,NA,M,Sub_adult,29.6,259,138,19,28,NA,NA,NA,NA,FALSE,0,NA,FALSE,NA,FALSE,FALSE
387,11-Apr-19,Dry,Joru,13,935,7.69242,11.05632,-11.05632,Mastomys,NA,NA,F,Juvenile,22.2,199,89,17,24,FALSE,NA,NA,FALSE,FALSE,0,NA,FALSE,NA,FALSE,FALSE
388,3-May-19,Rainy,Njagor,3,860,8.24533,11.13538,-11.13538,Rattus,NA,NA,M,Adult,45.5,281,14.3,19,30,NA,NA,NA,NA,FALSE,0,NA,FALSE,NA,FALSE,FALSE
389,3-May-19,Rainy,Njagor,NA,912,8.24533,11.13538,-11.13538,Mastomys,Mastomys,Mastomys natalensis,F,Sub_adult,39.4,23.3,10.7,1.8,2.4,FALSE,NA,NA,FALSE,TRUE,2,11.82923177,FALSE,NA,FALSE,FALSE
390,3-May-19,Rainy,Njagor,NA,220,8.24533,11.13538,-11.13538,Mastomys,NA,NA,F,Sub_adult,28.2,239,112,18,24,FALSE,NA,NA,FALSE,FALSE,0,NA,FALSE,NA,FALSE,FALSE
391,3-May-19,Rainy,Njagor,3,17,8.24533,11.13538,-11.13538,Rattus,NA,NA,F,Juvenile,19,201,100,18,24,FALSE,NA,NA,FALSE,FALSE,0,NA,FALSE,NA,FALSE,FALSE
392,3-May-19,Rainy,Njagor,3,1011,8.24533,11.13538,-11.13538,Rattus,NA,NA,M,Juvenile,19.9,184,94,18,25,NA,NA,NA,NA,FALSE,0,NA,NA,NA,NA,NA
393,3-May-19,Rainy,Njagor,13,1003,8.24533,11.13538,-11.13538,Rattus,NA,NA,F,Juvenile,19.2,216,112,19,25,FALSE,NA,NA,FALSE,FALSE,0,NA,FALSE,NA,FALSE,FALSE
394,3-May-19,Rainy,Njagor,3,301,8.24533,11.13538,-11.13538,Rattus,NA,NA,M,Juvenile,23.4,201,98,19,25,NA,NA,NA,NA,FALSE,0,NA,FALSE,NA,FALSE,FALSE
395,3-May-19,Rainy,Njagor,17,939,8.24533,11.13538,-11.13538,Rattus,NA,NA,F,Adult,121.7,401,186,23,34,FALSE,NA,NA,FALSE,FALSE,0,NA,FALSE,NA,FALSE,FALSE
396,4-May-19,Rainy,Njagor,17,946,8.24533,11.13538,-11.13538,Rattus,NA,NA,M,Adult,107.5,377,194,25,34,NA,NA,NA,NA,FALSE,0,NA,NA,NA,NA,NA
397,4-May-19,Rainy,Njagor,NA,964,8.24533,11.13538,-11.13538,Mastomys,NA,NA,F,Adult,64.6,245,108,18,24,FALSE,NA,NA,FALSE,FALSE,0,134.7653411,TRUE,1094.576609,TRUE,TRUE
398,14-May-19,Rainy,Bambawo,2,975,8.00928,11.13246,-11.13246,Mastomys,NA,NA,F,Adult,52.3,244,116,18,24,FALSE,NA,NA,FALSE,FALSE,0,NA,FALSE,NA,FALSE,FALSE
399,14-May-19,Rainy,Bambawo,21,938,8.00928,11.13246,-11.13246,Rattus,NA,NA,M,Adult,50,402,204,24,34,NA,NA,NA,NA,FALSE,0,NA,FALSE,NA,FALSE,FALSE
400,15-May-19,Rainy,Bambawo,4,72,8.00928,11.13246,-11.13246,Rattus,NA,NA,F,Adult,136.3,390,209,27,34,FALSE,NA,NA,FALSE,FALSE,0,9.289358079,TRUE,NA,FALSE,TRUE
401,22-May-19,Rainy,Jamboma,14,877,8.12151667,11.2149,-11.2149,Mastomys,NA,NA,F,Adult,45.2,238,109,18,24,TRUE,NA,NA,FALSE,FALSE,0,NA,FALSE,NA,FALSE,FALSE
402,22-May-19,Rainy,Jamboma,14,877,8.12151667,11.2149,-11.2149,Mastomys,NA,NA,M,Juvenile,12.1,163,78,15,22,NA,NA,NA,NA,FALSE,0,NA,FALSE,NA,FALSE,FALSE
403,22-May-19,Rainy,Jamboma,14,856,8.12151667,11.2149,-11.2149,Mastomys,NA,NA,F,Adult,61.1,263,119,18,24,TRUE,9,9,TRUE,FALSE,0,5.377490348,FALSE,3.702699649,FALSE,FALSE
404,22-May-19,Rainy,Jamboma,14,856,8.12151667,11.2149,-11.2149,Mastomys,NA,NA,F,Juvenile,19.5,184,85,15,22,FALSE,NA,NA,FALSE,FALSE,0,NA,FALSE,NA,FALSE,FALSE
405,22-May-19,Rainy,Jamboma,15,998,8.12151667,11.2149,-11.2149,Rattus,NA,NA,F,Adult,113.4,374,199,25,32,TRUE,NA,NA,FALSE,FALSE,0,NA,FALSE,NA,FALSE,FALSE
406,22-May-19,Rainy,Jamboma,14,332,8.12151667,11.2149,-11.2149,Mastomys,NA,NA,F,Adult,63.3,268,124,18,24,FALSE,10,8,TRUE,FALSE,0,NA,FALSE,NA,FALSE,FALSE
407,22-May-19,Rainy,Jamboma,13,411,8.12151667,11.2149,-11.2149,Mastomys,NA,NA,F,Juvenile,17.8,176,79,14,23,FALSE,N,N,TRUE,FALSE,0,NA,FALSE,NA,FALSE,FALSE
408,22-May-19,Rainy,Jamboma,3,138,8.12151667,11.2149,-11.2149,Rattus,NA,NA,F,Adult,118.2,380,210,25,33,TRUE,8,4,TRUE,FALSE,0,NA,FALSE,NA,FALSE,FALSE
409,22-May-19,Rainy,Jamboma,3,107,8.12151667,11.2149,-11.2149,Rattus,NA,NA,F,Adult,95.7,371,203,23,33,FALSE,NA,NA,FALSE,FALSE,0,NA,FALSE,NA,FALSE,FALSE
410,22-May-19,Rainy,Jamboma,4,960,8.12151667,11.2149,-11.2149,Rattus,NA,NA,F,Adult,45.3,301,158,23,29,FALSE,NA,NA,FALSE,FALSE,0,NA,FALSE,NA,FALSE,FALSE
411,22-May-19,Rainy,Jamboma,2,912,8.12151667,11.2149,-11.2149,Rattus,NA,NA,M,Sub_adult,28.5,239,119,19,28,NA,NA,NA,NA,FALSE,0,NA,FALSE,NA,FALSE,FALSE
412,22-May-19,Rainy,Jamboma,14,888,8.12151667,11.2149,-11.2149,Rattus,NA,NA,F,Adult,118.8,373,189,24,33,FALSE,NA,NA,FALSE,FALSE,0,NA,FALSE,NA,FALSE,FALSE
413,22-May-19,Rainy,Jamboma,3,868,8.12151667,11.2149,-11.2149,Rattus,NA,NA,M,Juvenile,18.9,204,98,18,23,NA,NA,NA,NA,FALSE,0,NA,NA,NA,NA,NA
414,22-May-19,Rainy,Jamboma,2,810,8.12151667,11.2149,-11.2149,Rattus,NA,NA,M,Adult,43.4,295,148,19,30,NA,NA,NA,NA,FALSE,0,NA,FALSE,NA,FALSE,FALSE
415,22-May-19,Rainy,Jamboma,9,882,8.12151667,11.2149,-11.2149,Mastomys,NA,NA,F,Adult,68.6,270,119,18,24,FALSE,NA,NA,FALSE,FALSE,0,NA,FALSE,NA,FALSE,FALSE
416,22-May-19,Rainy,Jamboma,3,1010,8.12151667,11.2149,-11.2149,Rattus,NA,NA,M,Adult,69.9,334,178,23,31,NA,NA,NA,NA,FALSE,0,NA,NA,NA,NA,NA
417,22-May-19,Rainy,Jamboma,3,1010,8.12151667,11.2149,-11.2149,Rattus,Rattus,Rattus rattus,M,Adult,45.8,314,164,22,30,NA,NA,NA,NA,FALSE,0,NA,FALSE,NA,FALSE,FALSE
418,22-May-19,Rainy,Jamboma,17,329,8.12151667,11.2149,-11.2149,Rattus,Rattus,Rattus rattus,F,Adult,50.5,315,119,23,34,FALSE,NA,NA,FALSE,FALSE,0,NA,FALSE,NA,FALSE,FALSE
419,22-May-19,Rainy,Jamboma,2,409,8.12151667,11.2149,-11.2149,Rattus,NA,NA,M,Sub_adult,35.5,279,144,20,31,NA,NA,NA,NA,FALSE,0,NA,FALSE,NA,FALSE,FALSE
420,22-May-19,Rainy,Jamboma,3,1020,8.12151667,11.2149,-11.2149,Rattus,Rattus,Rattus rattus,F,Adult,45.9,319,168,23,29,FALSE,NA,NA,FALSE,FALSE,0,NA,FALSE,NA,FALSE,FALSE
421,22-May-19,Rainy,Jamboma,5,72,8.12151667,11.2149,-11.2149,Rattus,Rattus,Rattus rattus,M,Adult,45.6,324,169,21,29,NA,NA,NA,NA,FALSE,0,NA,FALSE,NA,FALSE,FALSE
422,23-May-19,Rainy,Jamboma,14,933,8.12151667,11.2149,-11.2149,Mastomys,NA,NA,F,Sub_adult,35.1,257,121,18,24,FALSE,NA,NA,FALSE,FALSE,0,NA,FALSE,NA,FALSE,FALSE
423,23-May-19,Rainy,Jamboma,11,306,8.12151667,11.2149,-11.2149,Mastomys,Mastomys,Mastomys erythroleucus,F,Adult,50.5,279,125,18,25,FALSE,NA,NA,FALSE,TRUE,1,NA,NA,NA,NA,NA
424,23-May-19,Rainy,Jamboma,14,865,8.12151667,11.2149,-11.2149,Mastomys,NA,NA,M,Adult,57.5,301,138,18,25,NA,NA,NA,NA,FALSE,0,NA,FALSE,NA,FALSE,FALSE
425,23-May-19,Rainy,Jamboma,2,962,8.12151667,11.2149,-11.2149,Rattus,NA,NA,M,Sub_adult,27.5,262,138,19,29,NA,NA,NA,NA,FALSE,0,NA,NA,NA,NA,NA
426,23-May-19,Rainy,Jamboma,10,109,8.12151667,11.2149,-11.2149,Mastomys,Mastomys,Mastomys natalensis,F,Juvenile,22.5,235,105,17,24,FALSE,NA,NA,FALSE,TRUE,4,3.738836229,FALSE,NA,FALSE,FALSE
427,23-May-19,Rainy,Jamboma,5,45,8.12151667,11.2149,-11.2149,Mastomys,Mastomys,Mastomys natalensis,M,Adult,45.5,261,113,18,24,NA,NA,NA,NA,TRUE,3,19.47377424,FALSE,9.546143354,FALSE,FALSE
428,23-May-19,Rainy,Jamboma,9,905,8.12151667,11.2149,-11.2149,Mastomys,Mastomys,Mastomys natalensis,M,Juvenile,12,155,69,12,19,NA,NA,NA,NA,NA,NA,NA,NA,NA,NA,NA
429,19-Jun-19,Rainy,Saahun,15,964,7.769487,11.113127,-11.113127,Hylomyscus,Hylomyscus,Hylomyscus simus,F,Juvenile,20.5,183,91,17,17,FALSE,NA,NA,FALSE,FALSE,0,7.507857663,FALSE,NA,FALSE,FALSE
430,19-Jun-19,Rainy,Saahun,11,894,7.769487,11.113127,-11.113127,Mastomys,Mastomys,Mastomys natalensis,F,Sub_adult,35.6,23.8,100,18,24,FALSE,NA,NA,FALSE,FALSE,0,249.5531121,TRUE,1220.437979,TRUE,TRUE
431,19-Jun-19,Rainy,Saahun,6,20,7.769487,11.113127,-11.113127,Mastomys,Mastomys,Mastomys natalensis,M,Juvenile,14.9,155,70,16,19,NA,NA,NA,NA,FALSE,0,NA,FALSE,NA,FALSE,FALSE
432,19-Jun-19,Rainy,Saahun,13,949,7.769487,11.113127,-11.113127,Mastomys,Mastomys,Mastomys natalensis,M,Juvenile,21,185,90,16,24,NA,NA,NA,NA,FALSE,0,NA,FALSE,NA,FALSE,FALSE
433,19-Jun-19,Rainy,Saahun,9,895,7.769487,11.113127,-11.113127,Mastomys,Mastomys,Mastomys natalensis,F,Juvenile,21.8,186,89,16,22,FALSE,NA,NA,FALSE,FALSE,0,23.47298938,FALSE,NA,FALSE,FALSE
434,19-Jun-19,Rainy,Saahun,7,946,7.769487,11.113127,-11.113127,Mastomys,Mastomys,Mastomys natalensis,F,Adult,62.6,237,81,18,24,TRUE,NA,NA,FALSE,FALSE,0,NA,FALSE,NA,FALSE,FALSE
435,19-Jun-19,Rainy,Saahun,26,814,7.769487,11.113127,-11.113127,Mastomys,Mastomys,Mastomys natalensis,F,Adult,52.6,249,109,18,24,FALSE,NA,NA,FALSE,TRUE,5,699.2517464,TRUE,1178.830185,TRUE,TRUE
436,19-Jun-19,Rainy,Saahun,6,908,7.769487,11.113127,-11.113127,Mastomys,Mastomys,Mastomys natalensis,M,Adult,41.9,238,108,18,24,NA,NA,NA,NA,FALSE,0,8.692282629,FALSE,5.554242254,FALSE,FALSE
437,19-Jun-19,Rainy,Saahun,14,829,7.769487,11.113127,-11.113127,Mastomys,Mastomys,Mastomys natalensis,M,Juvenile,15.2,165,78,14,19,NA,NA,NA,NA,TRUE,4,NA,NA,NA,NA,NA
438,19-Jun-19,Rainy,Saahun,1,960,7.769487,11.113127,-11.113127,Mastomys,NA,NA,F,Adult,52.9,244,108,18,24,FALSE,NA,NA,FALSE,TRUE,2,6.401707926,FALSE,NA,FALSE,FALSE
439,19-Jun-19,Rainy,Saahun,11,936,7.769487,11.113127,-11.113127,Mastomys,NA,NA,F,Adult,43.7,261,115,18,24,FALSE,NA,NA,FALSE,FALSE,0,365.4757108,TRUE,1221.097251,TRUE,TRUE
440,19-Jun-19,Rainy,Saahun,26,412,7.769487,11.113127,-11.113127,Mastomys,Mastomys,Mastomys natalensis,F,Adult,67.6,276,122,18,24,FALSE,NA,NA,FALSE,TRUE,5,NA,FALSE,482.8783817,TRUE,TRUE
441,19-Jun-19,Rainy,Saahun,7,955,7.769487,11.113127,-11.113127,Mastomys,NA,NA,F,Adult,84.7,273,125,18,24,FALSE,12,13,TRUE,TRUE,4,NA,FALSE,NA,FALSE,FALSE
442,19-Jun-19,Rainy,Saahun,20,1015,7.769487,11.113127,-11.113127,Mastomys,Mastomys,Mastomys natalensis,F,Adult,61.2,252,16,18,24,TRUE,10,3,TRUE,FALSE,0,509.5108693,TRUE,1351.251007,TRUE,TRUE
443,19-Jun-19,Rainy,Saahun,13,253,7.769487,11.113127,-11.113127,Mastomys,Mastomys,Mastomys natalensis,M,Adult,48.2,258,121,17,24,NA,NA,NA,NA,FALSE,0,1.532969179,FALSE,NA,FALSE,FALSE
444,19-Jun-19,Rainy,Saahun,9,966,7.769487,11.113127,-11.113127,Mastomys,Mastomys,Mastomys natalensis,M,Adult,62,281,125,18,24,NA,NA,NA,NA,FALSE,0,877.0604509,TRUE,1195.184677,TRUE,TRUE
445,19-Jun-19,Rainy,Saahun,24,506,7.769487,11.113127,-11.113127,Mastomys,Mastomys,Mastomys natalensis,F,Juvenile,20.3,195,94,18,24,FALSE,NA,NA,FALSE,FALSE,0,23.77942325,FALSE,36.54021165,FALSE,FALSE
446,19-Jun-19,Rainy,Saahun,1,55,7.769487,11.113127,-11.113127,Mastomys,Mastomys,Mastomys natalensis,F,Sub_adult,32.1,213,94,17,23,FALSE,NA,NA,FALSE,FALSE,0,472.9452481,TRUE,2150.116549,TRUE,TRUE
447,19-Jun-19,Rainy,Saahun,14,938,7.769487,11.113127,-11.113127,Mastomys,Mastomys,Mastomys natalensis,F,Sub_adult,30.1,241,81,18,24,FALSE,NA,NA,FALSE,FALSE,0,97.1130524,TRUE,1558.823457,TRUE,TRUE
448,19-Jun-19,Rainy,Saahun,6,177,7.769487,11.113127,-11.113127,Rattus,Rattus,Rattus rattus,F,Sub_adult,31.7,253,137,23,33,FALSE,NA,NA,FALSE,FALSE,0,NA,FALSE,NA,FALSE,FALSE
449,19-Jun-19,Rainy,Saahun,1,52,7.769487,11.113127,-11.113127,Mastomys,Mastomys,Mastomys natalensis,M,Juvenile,14.2,121,83,12,18,NA,NA,NA,NA,FALSE,0,22.55773123,FALSE,NA,FALSE,FALSE
450,19-Jun-19,Rainy,Saahun,4,919,7.769487,11.113127,-11.113127,Mastomys,Mastomys,Mastomys natalensis,M,Adult,59.4,265,136,18,23,NA,NA,NA,NA,FALSE,0,37.03892359,TRUE,NA,FALSE,TRUE
451,19-Jun-19,Rainy,Saahun,6,869,7.769487,11.113127,-11.113127,Rattus,Rattus,Rattus rattus,M,Sub_adult,30.2,252,128,19,23,NA,NA,NA,NA,FALSE,0,NA,FALSE,NA,FALSE,FALSE
452,19-Jun-19,Rainy,Saahun,6,806,7.769487,11.113127,-11.113127,Mastomys,Mastomys,Mastomys natalensis,F,Sub_adult,26.9,243,93,16,21,FALSE,NA,NA,FALSE,FALSE,0,5.409251498,FALSE,8.931739769,FALSE,FALSE
453,19-Jun-19,Rainy,Saahun,13,78,7.769487,11.113127,-11.113127,Mastomys,Mastomys,Mastomys natalensis,F,Adult,52.4,244,108,18,24,FALSE,NA,NA,FALSE,FALSE,0,3.60675834,FALSE,NA,FALSE,FALSE
454,19-Jun-19,Rainy,Saahun,22,90,7.769487,11.113127,-11.113127,Mastomys,Mastomys,Mastomys natalensis,F,Juvenile,12.2,164,83,13,16,FALSE,NA,NA,FALSE,FALSE,0,5.409251498,FALSE,NA,FALSE,FALSE
455,19-Jun-19,Rainy,Saahun,8,900,7.769487,11.113127,-11.113127,Mastomys,Mastomys,Mastomys natalensis,F,Juvenile,17,125,72,14,29,FALSE,NA,NA,FALSE,FALSE,0,88.46008516,TRUE,366.605897,TRUE,TRUE
456,19-Jun-19,Rainy,Saahun,11,818,7.769487,11.113127,-11.113127,Mastomys,Mastomys,Mastomys natalensis,F,Juvenile,16.2,161,83,15,21,FALSE,NA,NA,FALSE,TRUE,2,19.37722612,FALSE,8.407411519,FALSE,FALSE
457,19-Jun-19,Rainy,Saahun,26,877,7.769487,11.113127,-11.113127,Rattus,Rattus,Rattus rattus,M,Juvenile,24.2,238,119,19,26,NA,NA,NA,NA,FALSE,0,NA,NA,NA,NA,NA
458,19-Jun-19,Rainy,Saahun,6,856,7.769487,11.113127,-11.113127,Rattus,Rattus,Rattus rattus,F,Adult,58.8,301,133,28,27,FALSE,NA,NA,FALSE,FALSE,0,NA,FALSE,NA,FALSE,FALSE
459,19-Jun-19,Rainy,Saahun,17,984,7.769487,11.113127,-11.113127,Mastomys,Mastomys,Mastomys natalensis,M,Adult,70.3,280,129,18,24,NA,NA,NA,NA,FALSE,0,1046.555603,TRUE,5671.71968,TRUE,TRUE
460,20-Jun-19,Rainy,Saahun,7,226,7.769487,11.113127,-11.113127,Mastomys,Mastomys,Mastomys natalensis,M,Juvenile,17.2,176,84,14,19,NA,NA,NA,NA,FALSE,0,NA,NA,NA,NA,NA
461,20-Jun-19,Rainy,Saahun,23,72,7.769487,11.113127,-11.113127,Mastomys,Mastomys,Mastomys natalensis,M,Juvenile,20.4,193,92,17,23,NA,NA,NA,NA,FALSE,0,28.1688223,FALSE,NA,FALSE,FALSE
462,20-Jun-19,Rainy,Saahun,24,988,7.769487,11.113127,-11.113127,Mastomys,Mastomys,Mastomys natalensis,F,Sub_adult,33.3,221,101,18,24,FALSE,NA,NA,FALSE,FALSE,0,21.79772773,FALSE,NA,FALSE,FALSE
463,20-Jun-19,Rainy,Saahun,24,304,7.769487,11.113127,-11.113127,Mastomys,Mastomys,Mastomys natalensis,M,Sub_adult,34.7,230,106,18,24,NA,NA,NA,NA,TRUE,4,16.77291026,FALSE,50.63356273,TRUE,TRUE
464,20-Jun-19,Rainy,Saahun,24,867,7.769487,11.113127,-11.113127,Mastomys,Mastomys,Mastomys natalensis,F,Adult,47.9,257,115,18,24,FALSE,NA,NA,FALSE,FALSE,0,130.05469,TRUE,3473.884416,TRUE,TRUE
465,20-Jun-19,Rainy,Saahun,1,179,7.769487,11.113127,-11.113127,Mastomys,Mastomys,Mastomys natalensis,M,Sub_adult,31.3,217,101,18,24,NA,NA,NA,NA,TRUE,3,NA,FALSE,14.00580071,FALSE,FALSE
466,20-Jun-19,Rainy,Saahun,2,896,7.769487,11.113127,-11.113127,Mastomys,Mastomys,Mastomys natalensis,F,Adult,42.9,252,119,18,24,FALSE,NA,NA,FALSE,TRUE,5,36.95422697,TRUE,165.4971819,TRUE,TRUE
467,20-Jun-19,Rainy,Saahun,4,440,7.769487,11.113127,-11.113127,Mastomys,NA,NA,F,Adult,41.8,254,116,18,24,FALSE,NA,NA,FALSE,FALSE,0,15.95008207,FALSE,NA,FALSE,FALSE
468,20-Jun-19,Rainy,Saahun,7,708,7.769487,11.113127,-11.113127,Mastomys,NA,NA,F,Adult,79.5,258,113,18,24,FALSE,14,18,TRUE,FALSE,0,NA,FALSE,NA,FALSE,FALSE
469,20-Jun-19,Rainy,Saahun,7,1000,7.769487,11.113127,-11.113127,Mastomys,NA,NA,F,Adult,66.8,278,129,18,24,TRUE,13,7,TRUE,FALSE,0,15.74258538,FALSE,NA,FALSE,FALSE
470,20-Jun-19,Rainy,Saahun,7,1000,7.769487,11.113127,-11.113127,Mastomys,NA,NA,F,Sub_adult,30.8,218,104,16,23,FALSE,NA,NA,FALSE,FALSE,0,NA,FALSE,NA,FALSE,FALSE
471,20-Jun-19,Rainy,Saahun,7,1000,7.769487,11.113127,-11.113127,Mastomys,NA,NA,M,Juvenile,17,183,88,13,22,NA,NA,NA,NA,FALSE,0,NA,FALSE,NA,FALSE,FALSE
472,20-Jun-19,Rainy,Saahun,7,439,7.769487,11.113127,-11.113127,Mastomys,NA,NA,F,Adult,53.6,241,114,18,24,FALSE,NA,NA,FALSE,FALSE,0,NA,FALSE,NA,FALSE,FALSE
473,20-Jun-19,Rainy,Saahun,7,439,7.769487,11.113127,-11.113127,Mastomys,NA,NA,F,Sub_adult,37.3,233,109,18,24,FALSE,6,18,TRUE,FALSE,0,NA,FALSE,NA,FALSE,FALSE
474,20-Jun-19,Rainy,Saahun,7,849,7.769487,11.113127,-11.113127,Mastomys,Mastomys,Mastomys natalensis,M,Adult,76.6,212,109,18,24,NA,NA,NA,NA,TRUE,2,14.69351105,FALSE,6.408204577,FALSE,FALSE
475,20-Jun-19,Rainy,Saahun,14,405,7.769487,11.113127,-11.113127,Mastomys,Mastomys,Mastomys natalensis,M,Juvenile,8.8,85,132,15,22,NA,NA,NA,NA,FALSE,0,NA,NA,NA,NA,NA
476,20-Jun-19,Rainy,Saahun,12,884,7.769487,11.113127,-11.113127,Mastomys,Mastomys,Mastomys natalensis,M,Adult,41.8,258,123,18,24,NA,NA,NA,NA,TRUE,3,10.25215245,FALSE,NA,FALSE,FALSE
477,20-Jun-19,Rainy,Saahun,17,824,7.769487,11.113127,-11.113127,Mastomys,Mastomys,Mastomys natalensis,M,Sub_adult,39.7,239,103,16,24,NA,NA,NA,NA,FALSE,0,9.421013651,FALSE,39.7199412,FALSE,FALSE
478,20-Jun-19,Rainy,Saahun,12,835,7.769487,11.113127,-11.113127,Mastomys,Mastomys,Mastomys natalensis,M,Adult,44.2,231,101,18,24,NA,NA,NA,NA,TRUE,2,4.83209893,FALSE,NA,FALSE,FALSE
479,20-Jun-19,Rainy,Saahun,20,886,7.769487,11.113127,-11.113127,Mastomys,Mastomys,Mastomys natalensis,F,Adult,56.6,272,119,18,24,FALSE,NA,NA,FALSE,FALSE,0,156.2290572,TRUE,3302.1654,TRUE,TRUE
480,20-Jun-19,Rainy,Saahun,16,882,7.769487,11.113127,-11.113127,Mastomys,Mastomys,Mastomys natalensis,M,Juvenile,22.5,209,101,15,23,NA,NA,NA,NA,TRUE,1,NA,NA,NA,NA,NA
481,20-Jun-19,Rainy,Saahun,11,1004,7.769487,11.113127,-11.113127,Mastomys,Mastomys,Mastomys natalensis,F,Adult,47.5,238,113,18,23,FALSE,NA,NA,FALSE,FALSE,0,NA,NA,NA,NA,NA
482,27-Jun-19,Rainy,Saahun,10,936,7.769487,11.113127,-11.113127,Mastomys,Mastomys,Mastomys natalensis,F,Juvenile,12,164,79,14,19,FALSE,NA,NA,FALSE,FALSE,0,NA,NA,NA,NA,NA
483,27-Jun-19,Rainy,Saahun,8,814,7.769487,11.113127,-11.113127,Rattus,NA,NA,F,Adult,75,310,173,23,30,FALSE,NA,NA,FALSE,FALSE,0,NA,NA,NA,NA,NA
484,27-Jun-19,Rainy,Saahun,13,876,7.769487,11.113127,-11.113127,Rattus,NA,NA,M,Adult,73.4,390,169,19,23,NA,NA,NA,NA,TRUE,1,NA,NA,NA,NA,NA
485,27-Jun-19,Rainy,Saahun,10,884,7.769487,11.113127,-11.113127,Mastomys,Mastomys,Mastomys natalensis,M,Juvenile,7.5,258,118,18,24,NA,NA,NA,NA,TRUE,3,NA,FALSE,NA,FALSE,FALSE
486,27-Jun-19,Rainy,Saahun,4,706,7.769487,11.113127,-11.113127,Rattus,NA,NA,M,Adult,121.6,375,203,26,35,NA,NA,NA,NA,FALSE,0,NA,FALSE,NA,FALSE,FALSE
487,27-Jun-19,Rainy,Saahun,6,809,7.769487,11.113127,-11.113127,Crocidura,NA,NA,F,Juvenile,23.2,198,68,60,18,FALSE,NA,NA,FALSE,FALSE,0,NA,NA,NA,NA,NA
488,27-Jun-19,Rainy,Saahun,14,856,7.769487,11.113127,-11.113127,Rattus,NA,NA,F,Adult,103.7,369,193,23,35,FALSE,NA,NA,FALSE,FALSE,0,NA,FALSE,NA,FALSE,FALSE
489,27-Jun-19,Rainy,Saahun,3,868,7.769487,11.113127,-11.113127,Rattus,NA,NA,M,Juvenile,17.7,215,110,19,25,NA,NA,NA,NA,FALSE,0,NA,NA,NA,NA,NA
490,27-Jun-19,Rainy,Saahun,3,509,7.769487,11.113127,-11.113127,Rattus,NA,NA,M,Sub_adult,29.1,291,115,18,24,NA,NA,NA,NA,FALSE,0,NA,FALSE,NA,FALSE,FALSE
491,27-Jun-19,Rainy,Saahun,2,1001,7.769487,11.113127,-11.113127,Mastomys,NA,NA,F,Juvenile,--,143,64,11,18,FALSE,NA,NA,FALSE,FALSE,0,NA,NA,NA,NA,NA
492,27-Jun-19,Rainy,Saahun,13,955,7.769487,11.113127,-11.113127,Rattus,NA,NA,F,Adult,44.2,291,148,24,31,FALSE,NA,NA,FALSE,FALSE,0,NA,NA,NA,NA,NA
493,27-Jun-19,Rainy,Saahun,13,900,7.769487,11.113127,-11.113127,Rattus,NA,NA,M,Adult,68.3,322,167,22,33,NA,NA,NA,NA,FALSE,0,NA,NA,NA,NA,NA
494,28-Jun-19,Rainy,Saahun,1,14,7.769487,11.113127,-11.113127,Mastomys,NA,NA,F,Juvenile,14.3,171,83,12,18,FALSE,NA,NA,FALSE,FALSE,0,NA,NA,NA,NA,NA
495,28-Jun-19,Rainy,Saahun,13,877,7.769487,11.113127,-11.113127,Rattus,Rattus,Rattus rattus,M,Sub_adult,28.2,244,141,21,29,NA,NA,NA,NA,FALSE,0,NA,NA,NA,NA,NA
496,28-Jun-19,Rainy,Saahun,13,412,7.769487,11.113127,-11.113127,Rattus,NA,NA,F,Juvenile,22.4,281,115,21,25,FALSE,NA,NA,FALSE,FALSE,0,NA,NA,NA,NA,NA
497,28-Jun-19,Rainy,Saahun,13,869,7.769487,11.113127,-11.113127,Rattus,Mastomys,Mastomys natalensis,F,Sub_adult,32,154,92,21,32,FALSE,NA,NA,FALSE,TRUE,3,NA,FALSE,NA,FALSE,FALSE
498,28-Jun-19,Rainy,Saahun,14,177,7.769487,11.113127,-11.113127,Mastomys,NA,NA,M,Sub_adult,32.1,225,98,18,23,NA,NA,NA,NA,FALSE,0,NA,FALSE,NA,FALSE,FALSE
499,3-Jul-19,Rainy,Koi,6,882,8.0412,11.0551,-11.0551,Mastomys,NA,NA,M,Adult,52.1,248,111,18,24,NA,NA,NA,NA,FALSE,0,10.48599603,FALSE,NA,FALSE,FALSE
500,3-Jul-19,Rainy,Koi,2,884,8.0412,11.0551,-11.0551,Rattus,NA,NA,M,Adult,52,303,154,21,31,NA,NA,NA,NA,FALSE,0,NA,FALSE,NA,FALSE,FALSE
501,3-Jul-19,Rainy,Koi,1,938,8.0412,11.0551,-11.0551,Rattus,NA,NA,F,Adult,108.5,379,201,25,34,FALSE,4,1.5,TRUE,NA,NA,NA,NA,NA,NA,NA
502,3-Jul-19,Rainy,Koi,11,80,8.0412,11.0551,-11.0551,Rattus,NA,NA,M,Adult,52.6,296,148,19,27,NA,NA,NA,NA,FALSE,0,NA,FALSE,NA,FALSE,FALSE
503,3-Jul-19,Rainy,Koi,10,197,8.0412,11.0551,-11.0551,Rattus,NA,NA,M,Sub_adult,31.8,257,135,19,26,NA,NA,NA,NA,FALSE,0,NA,FALSE,NA,FALSE,FALSE
504,3-Jul-19,Rainy,Koi,16,916,8.0412,11.0551,-11.0551,Rattus,NA,NA,M,Adult,44.8,297,157,19,29,NA,NA,NA,NA,FALSE,0,NA,FALSE,NA,FALSE,FALSE
505,3-Jul-19,Rainy,Koi,2,836,8.0412,11.0551,-11.0551,Rattus,NA,NA,M,Adult,110.5,360,188,24,38,NA,NA,NA,NA,FALSE,0,NA,FALSE,NA,FALSE,FALSE
506,3-Jul-19,Rainy,Koi,23,306,8.0412,11.0551,-11.0551,Rattus,NA,NA,F,Sub_adult,35.5,266,128,19,29,FALSE,NA,NA,FALSE,NA,NA,NA,FALSE,NA,FALSE,FALSE
507,3-Jul-19,Rainy,Koi,27,877,8.0412,11.0551,-11.0551,Rattus,NA,NA,M,Adult,55.3,245,15,16,28,NA,NA,NA,NA,FALSE,0,NA,FALSE,NA,FALSE,FALSE
508,3-Jul-19,Rainy,Koi,6,329,8.0412,11.0551,-11.0551,Rattus,NA,NA,F,Sub_adult,32.3,265,133,20,28,FALSE,NA,NA,FALSE,FALSE,0,NA,NA,NA,NA,NA
509,3-Jul-19,Rainy,Koi,3,78,8.0412,11.0551,-11.0551,Mastomys,NA,NA,F,Sub_adult,25.8,222,107,18,24,FALSE,NA,NA,FALSE,FALSE,0,21.41523007,FALSE,13.22098281,FALSE,FALSE
510,3-Jul-19,Rainy,Koi,17,444,8.0412,11.0551,-11.0551,Mastomys,NA,NA,M,Juvenile,19.2,193,92,16,22,NA,NA,NA,NA,FALSE,0,NA,NA,NA,NA,NA
511,3-Jul-19,Rainy,Koi,10,819,8.0412,11.0551,-11.0551,Rattus,NA,NA,F,Sub_adult,29,252,132,20,27,FALSE,NA,NA,FALSE,NA,NA,NA,FALSE,NA,FALSE,FALSE
512,3-Jul-19,Rainy,Koi,13,412,8.0412,11.0551,-11.0551,Mastomys,NA,NA,M,Sub_adult,33,220,105,16,23,NA,NA,NA,NA,FALSE,0,11.97170164,FALSE,2.215361701,FALSE,FALSE
513,3-Jul-19,Rainy,Koi,6,994,8.0412,11.0551,-11.0551,Rattus,NA,NA,F,Sub_adult,33.3,255,130,20,28,FALSE,NA,NA,FALSE,FALSE,0,NA,FALSE,NA,FALSE,FALSE
514,3-Jul-19,Rainy,Koi,6,20,8.0412,11.0551,-11.0551,Rattus,NA,NA,F,Adult,105.9,405,231,26,35,FALSE,NA,NA,FALSE,NA,NA,NA,NA,NA,NA,NA
515,3-Jul-19,Rainy,Koi,6,3,8.0412,11.0551,-11.0551,Rattus,NA,NA,F,Sub_adult,32,265,136,21,27,FALSE,NA,NA,FALSE,FALSE,0,NA,FALSE,NA,FALSE,FALSE
516,3-Jul-19,Rainy,Koi,13,871,8.0412,11.0551,-11.0551,Rattus,NA,NA,M,Adult,49.3,303,161,20,29,NA,NA,NA,NA,FALSE,0,NA,FALSE,NA,FALSE,FALSE
517,3-Jul-19,Rainy,Koi,20,926,8.0412,11.0551,-11.0551,Rattus,NA,NA,M,Adult,63.6,320,173,23,34,NA,NA,NA,NA,FALSE,0,NA,FALSE,NA,FALSE,FALSE
518,4-Jul-19,Rainy,Koi,23,866,8.0412,11.0551,-11.0551,Rattus,NA,NA,F,Sub_adult,35.6,258,133,19,26,FALSE,NA,NA,FALSE,FALSE,0,NA,FALSE,NA,FALSE,FALSE
519,4-Jul-19,Rainy,Koi,27,305,8.0412,11.0551,-11.0551,Rattus,NA,NA,F,Juvenile,23.1,227,117,19,25,FALSE,NA,NA,FALSE,FALSE,0,NA,FALSE,NA,FALSE,FALSE
520,4-Jul-19,Rainy,Koi,20,265,8.0412,11.0551,-11.0551,Rattus,NA,NA,M,Adult,43.4,286,152,19,28,NA,NA,NA,NA,FALSE,0,NA,FALSE,NA,FALSE,FALSE
521,4-Jul-19,Rainy,Koi,15,503,8.0412,11.0551,-11.0551,Rattus,NA,NA,M,Sub_adult,34.9,264,133,19,25,NA,NA,NA,NA,FALSE,0,NA,FALSE,NA,FALSE,FALSE
522,4-Jul-19,Rainy,Koi,1,967,8.0412,11.0551,-11.0551,Rattus,Rattus,Rattus rattus,F,Adult,74.1,327,171,23,30,FALSE,NA,NA,FALSE,FALSE,0,NA,FALSE,NA,FALSE,FALSE
523,4-Jul-19,Rainy,Koi,20,198,8.0412,11.0551,-11.0551,Rattus,NA,NA,F,Sub_adult,34.8,277,146,19,27,FALSE,NA,NA,FALSE,FALSE,0,5.567459621,TRUE,NA,FALSE,TRUE
524,4-Jul-19,Rainy,Koi,7,1004,8.0412,11.0551,-11.0551,Rattus,NA,NA,F,Adult,58.7,341,167,22,33,FALSE,NA,NA,FALSE,FALSE,0,NA,FALSE,NA,FALSE,FALSE
525,4-Jul-19,Rainy,Koi,6,822,8.0412,11.0551,-11.0551,Rattus,NA,NA,M,Adult,82.4,373,185,25,38,NA,NA,NA,NA,NA,NA,NA,NA,NA,NA,NA
526,4-Jul-19,Rainy,Koi,2,900,8.0412,11.0551,-11.0551,Rattus,NA,NA,F,Adult,77,363,183,24,33,FALSE,NA,NA,FALSE,FALSE,0,NA,FALSE,NA,FALSE,FALSE
527,4-Jul-19,Rainy,Koi,27,512,8.0412,11.0551,-11.0551,Rattus,NA,NA,M,Juvenile,7.8,133,61,12,18,NA,NA,NA,NA,FALSE,0,NA,FALSE,NA,FALSE,FALSE
528,4-Jul-19,Rainy,Koi,15,497,8.0412,11.0551,-11.0551,Mastomys,NA,NA,F,Juvenile,24.5,222,105,17,23,FALSE,NA,NA,FALSE,FALSE,0,15.32532854,FALSE,NA,FALSE,FALSE
529,10-Jul-19,Rainy,Koyama Ngeima,10,7,8.23473,11.18179,-11.18179,Hylomyscus,NA,NA,M,Juvenile,16.4,195,103,13,18,NA,NA,NA,NA,FALSE,0,14.37478901,FALSE,NA,FALSE,FALSE
530,10-Jul-19,Rainy,Koyama Ngeima,1,889,8.23473,11.18179,-11.18179,Mastomys,Mastomys,Mastomys natalensis,F,Juvenile,15.6,167,75,15,22,FALSE,NA,NA,FALSE,TRUE,4,NA,NA,NA,NA,NA
531,10-Jul-19,Rainy,Koyama Ngeima,1,1012,8.23473,11.18179,-11.18179,Mastomys,NA,NA,F,Adult,45.7,252,114,18,24,FALSE,NA,NA,FALSE,FALSE,0,4.978270555,FALSE,NA,FALSE,FALSE
532,10-Jul-19,Rainy,Koyama Ngeima,1,929,8.23473,11.18179,-11.18179,Mastomys,Rattus,Rattus rattus,F,Juvenile,12.2,160,75,14,19,FALSE,NA,NA,FALSE,TRUE,2,NA,FALSE,NA,FALSE,FALSE
533,10-Jul-19,Rainy,Koyama Ngeima,20,138,8.23473,11.18179,-11.18179,Rattus,NA,NA,F,Adult,87,372,190,21,32,FALSE,NA,NA,FALSE,FALSE,0,NA,NA,NA,NA,NA
534,10-Jul-19,Rainy,Koyama Ngeima,8,179,8.23473,11.18179,-11.18179,Rattus,NA,NA,F,Sub_adult,30.5,163,131,21,34,FALSE,NA,NA,FALSE,FALSE,0,NA,NA,NA,NA,NA
